Workbook

Sheet 27JulyTo15Nov_All
A1: Start Date | B1: End Date | C1: Portfolio name | D1: Currency | E1: Campaign Name | F1: Ad Group Name | G1: Country | H1: Targeting | I1: Match Type | J1: Customer Search Term | K1: Impressions | L1: Clicks | M1: Click-Thru Rate (CTR) | N1: Cost Per Click (CPC) | O1: Spend | P1: 7 Day Total Sales | Q1: Total Advertising Cost of Sales (ACOS) | R1: Total Return on Advertising Spend (ROAS) | S1: 7 Day Total Orders (#) | T1: 7 Day Total Units (#) | U1: 7 Day Conversion Rate | V1: 7 Day Advertised SKU Units (#) | W1: 7 Day Other SKU Units (#) | X1: 7 Day Advertised SKU Sales | Y1: 7 Day Other SKU Sales | Z1: Week Number | AA1: Acos
A2: 45976 | B2: 45976 | C2: SP BROAD SEED | D2: USD | E2: SP MACA ROOT KW ASHWAGANDHA BROAD GA 29102022 | F2: ashwagandha | G2: United States | H2: ashwagandha | I2: BROAD | J2: ashwagandha coq10 | K2: 1 | L2: 1 | M2: 1 | N2: $2.83 | O2: 2.83 | P2: 24.94 | Q2: 11.35 | R2: 8.81 | S2: 1 | T2: 1 | U2: 1 | V2: 1 | W2: 0 | X2: $24.94 | Y2: $0.00
A3: 45975 | B3: 45975 | C3: SP BROAD SEED | D3: USD | E3: SP MACA ROOT KW ASHWAGANDHA BROAD GA 29102022 | F3: ashwagandha | G3: United States | H3: ashwagandha | I3: BROAD | J3: ashwagandha pills for men | K3: 1 | L3: 1 | M3: 1 | N3: $4.48 | O3: 4.48 | P3: 24.94 | Q3: 17.96 | R3: 5.57 | S3: 1 | T3: 1 | U3: 1 | V3: 1 | W3: 0 | X3: $24.94 | Y3: $0.00
A4: 45975 | B4: 45975 | C4: SP BROAD SEED | D4: USD | E4: SP MACA ROOT KW ASHWAGANDHA BROAD GA 29102022 | F4: ashwagandha | G4: United States | H4: ashwagandha | I4: BROAD | J4: maca amd ashwagandha | K4: 2 | L4: 1 | M4: 0.5 | N4: $4.48 | O4: 4.48 | P4: 24.94 | Q4: 17.96 | R4: 5.57 | S4: 1 | T4: 1 | U4: 1 | V4: 1 | W4: 0 | X4: $24.94 | Y4: $0.00
A5: 45975 | B5: 45975 | C5: SP TOS | D5: USD | E5: SP TOS MACA ASHWA KW RANK GA 04042024 | F5: MACA ASHWAGANDHA | G5: United States | H5: maca root ashwagandha | I5: PHRASE | J5: magnesium zinc maca root ashwagandha | K5: 1 | L5: 1 | M5: 1 | N5: $3.19 | O5: 3.19 | P5: 99.76 | Q5: 3.2 | R5: 31.27 | S5: 1 | T5: 4 | U5: 1 | V5: 4 | W5: 0 | X5: $99.76 | Y5: $0.00
A6: 45975 | B6: 45975 | C6: Saffron Supplement | D6: USD | E6: SP SAFFRON AUTO RESEARCH 05192025 GA | F6: auto | G6: United States | H6: loose-match | I6: - | J6: raw certified organic saffron capsules | K6: 1 | L6: 1 | M6: 1 | N6: $2.67 | O6: 2.67 | P6: 21.9 | Q6: 12.19 | R6: 8.2 | S6: 1 | T6: 1 | U6: 1 | V6: 1 | W6: 0 | X6: $21.90 | Y6: $0.00
A7: 45975 | B7: 45975 | C7: SP BROAD SEED | D7: USD | E7: SP MACA BROAD RESEARCH 22082024 HB | F7: MACA RESEARCH | G7: United States | H7: =+maca +root -> #NAME? | I7: BROAD | J7: wild yam and maca root | K7: 1 | L7: 1 | M7: 1 | N7: $4.35 | O7: 4.35 | P7: 24.94 | Q7: 17.44 | R7: 5.73 | S7: 1 | T7: 1 | U7: 1 | V7: 1 | W7: 0 | X7: $24.94 | Y7: $0.00
A8: 45974 | B8: 45975 | C8: SP TOS | D8: USD | E8: SP TOS MACA ASHWA KW RANK GA 04042024 | F8: MACA ASHWAGANDHA | G8: United States | H8: maca root ashwagandha | I8: PHRASE | J8: maca root and ashwagandha | K8: 17 | L8: 2 | M8: 0.117647 | N8: $2.68 | O8: 5.35 | P8: 24.94 | Q8: 21.45 | R8: 4.66 | S8: 1 | T8: 1 | U8: 0.5 | V8: 1 | W8: 0 | X8: $24.94 | Y8: $0.00
A9: 45974 | B9: 45974 | C9: Saffron Supplement | D9: USD | E9: SP SAFFRON EXACT SALES COMBO KW GA 05132025 | F9: Combo Exact | G9: United States | H9: saffron magnesium supplements | I9: EXACT | J9: saffron magnesium supplements | K9: 1 | L9: 1 | M9: 1 | N9: $2.97 | O9: 2.97 | P9: 43.8 | Q9: 6.78 | R9: 14.75 | S9: 1 | T9: 2 | U9: 1 | V9: 2 | W9: 0 | X9: $43.80 | Y9: $0.00
A10: 45973 | B10: 45973 | C10: Saffron Supplement | D10: USD | E10: SP SAFFRON EXACT SALES COMBO KW GA 05132025 | F10: Combo Exact | G10: United States | H10: ashwagandha magnesium | I10: EXACT | J10: ashwagandha and magnesium | K10: 16 | L10: 2 | M10: 0.125 | N10: $4.39 | O10: 8.77 | P10: 21.9 | Q10: 40.05 | R10: 2.5 | S10: 1 | T10: 1 | U10: 0.5 | V10: 1 | W10: 0 | X10: $21.90 | Y10: $0.00
A11: 45973 | B11: 45974 | C11: SP BROAD SEED | D11: USD | E11: SP AUTO MACA KW DISCOVERY GA | F11: AUTO | G11: United States | H11: close-match | I11: - | J11: ashwagandha maca root | K11: 17 | L11: 3 | M11: 0.176471 | N11: $3.60 | O11: 10.81 | P11: 24.94 | Q11: 43.34 | R11: 2.31 | S11: 1 | T11: 1 | U11: 0.333333 | V11: 1 | W11: 0 | X11: $24.94 | Y11: $0.00
A12: 45973 | B12: 45974 | C12: SP BROAD SEED | D12: USD | E12: SP MACA BROAD RESEARCH 22082024 HB | F12: MACA RESEARCH | G12: United States | H12: =+maca +root -> #NAME? | I12: BROAD | J12: maca root capsules | K12: 172 | L12: 2 | M12: 0.011628 | N12: $3.82 | O12: 7.64 | P12: 49.88 | Q12: 15.32 | R12: 6.53 | S12: 2 | T12: 2 | U12: 1 | V12: 2 | W12: 0 | X12: $49.88 | Y12: $0.00
A13: 45972 | B13: 45972 | C13: SP BROAD SEED | D13: USD | E13: SP MACA ROOT KW ASHWAGANDHA BROAD GA 29102022 | F13: ashwagandha | G13: United States | H13: ashwagandha | I13: BROAD | J13: ashwagandha for women | K13: 154 | L13: 2 | M13: 0.012987 | N13: $1.46 | O13: 2.92 | P13: 24.94 | Q13: 11.71 | R13: 8.54 | S13: 1 | T13: 1 | U13: 0.5 | V13: 1 | W13: 0 | X13: $24.94 | Y13: $0.00
A14: 45972 | B14: 45972 | C14: SP BROAD SEED | D14: USD | E14: SP MACA BROAD RESEARCH 22082024 HB | F14: MACA RESEARCH | G14: United States | H14: =+maca +root -> #NAME? | I14: BROAD | J14: maca root supplement | K14: 6 | L14: 1 | M14: 0.166667 | N14: $2.07 | O14: 2.07 | P14: 24.94 | Q14: 8.3 | R14: 12.05 | S14: 1 | T14: 1 | U14: 1 | V14: 1 | W14: 0 | X14: $24.94 | Y14: $0.00
A15: 45972 | B15: 45972 | C15: SP BROAD SEED | D15: USD | E15: SP MACA BROAD RESEARCH 22082024 HB | F15: MACA RESEARCH | G15: United States | H15: =+maca +root -> #NAME? | I15: BROAD | J15: magnesium maca root | K15: 2 | L15: 1 | M15: 0.5 | N15: $4.26 | O15: 4.26 | P15: 24.94 | Q15: 17.08 | R15: 5.85 | S15: 1 | T15: 1 | U15: 1 | V15: 1 | W15: 0 | X15: $24.94 | Y15: $0.00
A16: 45972 | B16: 45972 | C16: No Portfolio | D16: USD | E16: SP SAFFRON PHRASE SAFFRON ASHWA SALES GA 07182025 | F16: saffron ashwagandha | G16: United States | H16: saffron ashwagandha supplements | I16: PHRASE | J16: saffron and ashwagandha supplements | K16: 8 | L16: 2 | M16: 0.25 | N16: $3.41 | O16: 6.81 | P16: 21.9 | Q16: 31.1 | R16: 3.22 | S16: 1 | T16: 1 | U16: 0.5 | V16: 1 | W16: 0 | X16: $21.90 | Y16: $0.00
A17: 45972 | B17: 45976 | C17: No Portfolio | D17: USD | E17: SP SAFFRON PHRASE SAFFRON ASHWA SALES GA 07182025 | F17: saffron ashwagandha | G17: United States | H17: saffron ashwagandha | I17: PHRASE | J17: saffron ashwagandha | K17: 37 | L17: 4 | M17: 0.108108 | N17: $4.54 | O17: 18.14 | P17: 21.9 | Q17: 82.83 | R17: 1.21 | S17: 1 | T17: 1 | U17: 0.25 | V17: 1 | W17: 0 | X17: $21.90 | Y17: $0.00
A18: 45972 | B18: 45976 | C18: Saffron Supplement | D18: USD | E18: SP SAFFRON EXACT SALES COMBO KW GA 05132025 | F18: Combo Exact | G18: United States | H18: saffron ashwagandha supplements | I18: EXACT | J18: saffron ashwagandha supplements | K18: 12 | L18: 2 | M18: 0.166667 | N18: $3.04 | O18: 6.07 | P18: 21.9 | Q18: 27.72 | R18: 3.61 | S18: 1 | T18: 1 | U18: 0.5 | V18: 1 | W18: 0 | X18: $21.90 | Y18: $0.00
A19: 45971 | B19: 45976 | C19: SP BROAD SEED | D19: USD | E19: SP MACA ROOT KW ASHWAGANDHA BROAD GA 29102022 | F19: ashwagandha | G19: United States | H19: ashwagandha | I19: BROAD | J19: ashwagandha | K19: 319 | L19: 5 | M19: 0.015674 | N19: $2.68 | O19: 13.4 | P19: 74.82 | Q19: 17.91 | R19: 5.58 | S19: 3 | T19: 3 | U19: 0.6 | V19: 3 | W19: 0 | X19: $74.82 | Y19: $0.00
A20: 45971 | B20: 45971 | C20: SP BROAD SEED | D20: USD | E20: SP MACA ROOT KW ASHWAGANDHA BROAD GA 29102022 | F20: ashwagandha | G20: United States | H20: ashwagandha | I20: BROAD | J20: ashwagandha (root & leaf) | K20: 3 | L20: 1 | M20: 0.333333 | N20: $4.48 | O20: 4.48 | P20: 24.94 | Q20: 17.96 | R20: 5.57 | S20: 1 | T20: 1 | U20: 1 | V20: 1 | W20: 0 | X20: $24.94 | Y20: $0.00
A21: 45971 | B21: 45971 | C21: SP BROAD SEED | D21: USD | E21: SP MACA BROAD RESEARCH 22082024 HB | F21: MACA RESEARCH | G21: United States | H21: =+maca +root -> #NAME? | I21: BROAD | J21: ashwagandha root maca root l-carnitine | K21: 1 | L21: 1 | M21: 1 | N21: $4.35 | O21: 4.35 | P21: 24.94 | Q21: 17.44 | R21: 5.73 | S21: 1 | T21: 1 | U21: 1 | V21: 1 | W21: 0 | X21: $24.94 | Y21: $0.00
A22: 45971 | B22: 45974 | C22: SP BROAD SEED | D22: USD | E22: SP MACA BROAD RESEARCH 22082024 HB | F22: MACA RESEARCH | G22: United States | H22: =+maca +root -> #NAME? | I22: BROAD | J22: gaia herbs maca root | K22: 37 | L22: 2 | M22: 0.054054 | N22: $3.04 | O22: 6.08 | P22: 24.94 | Q22: 24.38 | R22: 4.1 | S22: 1 | T22: 1 | U22: 0.5 | V22: 1 | W22: 0 | X22: $24.94 | Y22: $0.00
A23: 45971 | B23: 45972 | C23: SP BROAD SEED | D23: USD | E23: SP AUTO MACA KW DISCOVERY GA | F23: AUTO | G23: United States | H23: close-match | I23: - | J23: maca capsules for men | K23: 16 | L23: 2 | M23: 0.125 | N23: $3.19 | O23: 6.38 | P23: 24.94 | Q23: 25.58 | R23: 3.91 | S23: 1 | T23: 1 | U23: 0.5 | V23: 1 | W23: 0 | X23: $24.94 | Y23: $0.00
A24: 45971 | B24: 45975 | C24: SP BROAD SEED | D24: USD | E24: SP AUTO MACA KW DISCOVERY GA | F24: AUTO | G24: United States | H24: loose-match | I24: - | J24: maca powder organic | K24: 104 | L24: 3 | M24: 0.028846 | N24: $2.38 | O24: 7.14 | P24: 49.88 | Q24: 14.31 | R24: 6.99 | S24: 2 | T24: 2 | U24: 0.666667 | V24: 2 | W24: 0 | X24: $49.88 | Y24: $0.00
A25: 45971 | B25: 45973 | C25: SP BROAD SEED | D25: USD | E25: SP AUTO MACA KW DISCOVERY GA | F25: AUTO | G25: United States | H25: close-match | I25: - | J25: maca root capsules | K25: 188 | L25: 3 | M25: 0.015957 | N25: $3.63 | O25: 10.9 | P25: 24.94 | Q25: 43.7 | R25: 2.29 | S25: 1 | T25: 1 | U25: 0.333333 | V25: 1 | W25: 0 | X25: $24.94 | Y25: $0.00
A26: 45971 | B26: 45972 | C26: SP BROAD SEED | D26: USD | E26: SP AUTO MACA KW DISCOVERY GA | F26: AUTO | G26: United States | H26: close-match | I26: - | J26: maca root capsules for men | K26: 1354 | L26: 3 | M26: 0.002216 | N26: $2.73 | O26: 8.18 | P26: 74.82 | Q26: 10.93 | R26: 9.15 | S26: 2 | T26: 3 | U26: 0.666667 | V26: 3 | W26: 0 | X26: $74.82 | Y26: $0.00
A27: 45971 | B27: 45971 | C27: SP BROAD SEED | D27: USD | E27: SP AUTO MACA KW DISCOVERY GA | F27: AUTO | G27: United States | H27: loose-match | I27: - | J27: women's energy enhancer | K27: 1 | L27: 1 | M27: 1 | N27: $3.72 | O27: 3.72 | P27: 24.94 | Q27: 14.92 | R27: 6.7 | S27: 1 | T27: 1 | U27: 1 | V27: 1 | W27: 0 | X27: $24.94 | Y27: $0.00
A28: 45970 | B28: 45976 | C28: Rank | D28: USD | E28: SP TOS KW ASHWGANDHA GA RANK 07082024 | F28: ashwagandha | G28: United States | H28: ashwagandha | I28: EXACT | J28: ashwagandha | K28: 3631 | L28: 12 | M28: 0.003305 | N28: $2.91 | O28: 34.88 | P28: 74.82 | Q28: 46.62 | R28: 2.15 | S28: 3 | T28: 3 | U28: 0.25 | V28: 3 | W28: 0 | X28: $74.82 | Y28: $0.00
A29: 45970 | B29: 45970 | C29: No Portfolio | D29: USD | E29: SP EXACT BRANDED SEARCH | F29: Branded search | G29: United States | H29: circle of nature | I29: PHRASE | J29: circle of nature saffron | K29: 2 | L29: 1 | M29: 0.5 | N29: $2.57 | O29: 2.57 | P29: 21.9 | Q29: 11.74 | R29: 8.52 | S29: 1 | T29: 1 | U29: 1 | V29: 1 | W29: 0 | X29: $21.90 | Y29: $0.00
A30: 45970 | B30: 45975 | C30: SP TOS | D30: USD | E30: SP TOS MACA ASHWA KW RANK GA 04042024 | F30: MACA ASHWAGANDHA | G30: United States | H30: maca root ashwagandha | I30: PHRASE | J30: concentrated maca root and ashwagandha | K30: 15 | L30: 4 | M30: 0.266667 | N30: $3.33 | O30: 13.31 | P30: 24.94 | Q30: 53.37 | R30: 1.87 | S30: 1 | T30: 1 | U30: 0.25 | V30: 1 | W30: 0 | X30: $24.94 | Y30: $0.00
A31: 45970 | B31: 45970 | C31: SP BROAD SEED | D31: USD | E31: SP AUTO MACA KW DISCOVERY GA | F31: AUTO | G31: United States | H31: loose-match | I31: - | J31: maca mix capsules | K31: 3 | L31: 1 | M31: 0.333333 | N31: $3.79 | O31: 3.79 | P31: 24.94 | Q31: 15.2 | R31: 6.58 | S31: 1 | T31: 1 | U31: 1 | V31: 1 | W31: 0 | X31: $24.94 | Y31: $0.00
A32: 45970 | B32: 45976 | C32: Rank | D32: USD | E32: MACA ROOT TOS EXACT CAMPAIGN 27042022 RANK | F32: MACA EXACT TEST CAMPAIGN | G32: United States | H32: maca root | I32: EXACT | J32: maca root | K32: 1193 | L32: 46 | M32: 0.038558 | N32: $3.10 | O32: 142.49 | P32: 174.58 | Q32: 81.62 | R32: 1.23 | S32: 6 | T32: 7 | U32: 0.130435 | V32: 7 | W32: 0 | X32: $174.58 | Y32: $0.00
A33: 45970 | B33: 45974 | C33: SP BROAD SEED | D33: USD | E33: SP AUTO MACA KW DISCOVERY GA | F33: AUTO | G33: United States | H33: close-match | I33: - | J33: maca root ashwagandha | K33: 89 | L33: 5 | M33: 0.05618 | N33: $3.65 | O33: 18.25 | P33: 24.94 | Q33: 73.18 | R33: 1.37 | S33: 1 | T33: 1 | U33: 0.2 | V33: 1 | W33: 0 | X33: $24.94 | Y33: $0.00
A34: 45970 | B34: 45972 | C34: SP BROAD SEED | D34: USD | E34: SP AUTO MACA KW DISCOVERY GA | F34: AUTO | G34: United States | H34: loose-match | I34: - | J34: maca root ashwagandha drops | K34: 2 | L34: 2 | M34: 1 | N34: $2.63 | O34: 5.26 | P34: 24.94 | Q34: 21.09 | R34: 4.74 | S34: 1 | T34: 1 | U34: 0.5 | V34: 1 | W34: 0 | X34: $24.94 | Y34: $0.00
A35: 45970 | B35: 45975 | C35: SP BROAD SEED | D35: USD | E35: SP MACA BROAD RESEARCH 22082024 HB | F35: MACA RESEARCH | G35: United States | H35: =+maca +root -> #NAME? | I35: BROAD | J35: maca root for menopause | K35: 23 | L35: 3 | M35: 0.130435 | N35: $3.27 | O35: 9.81 | P35: 24.94 | Q35: 39.33 | R35: 2.54 | S35: 1 | T35: 1 | U35: 0.333333 | V35: 1 | W35: 0 | X35: $24.94 | Y35: $0.00
A36: 45970 | B36: 45970 | C36: SP BROAD SEED | D36: USD | E36: SP MACA BROAD RESEARCH 22082024 HB | F36: MACA RESEARCH | G36: United States | H36: =+maca +root -> #NAME? | I36: BROAD | J36: nature's way maca root capsules | K36: 5 | L36: 2 | M36: 0.4 | N36: $3.98 | O36: 7.96 | P36: 24.94 | Q36: 31.92 | R36: 3.13 | S36: 1 | T36: 1 | U36: 0.5 | V36: 1 | W36: 0 | X36: $24.94 | Y36: $0.00
A37: 45970 | B37: 45974 | C37: Saffron Supplement | D37: USD | E37: SP SAFFRON EXACT SALES COMBO KW GA 05132025 | F37: Combo Exact | G37: United States | H37: saffron ashwagandha supplements | I37: EXACT | J37: saffron and ashwagandha supplements | K37: 44 | L37: 5 | M37: 0.113636 | N37: $4.97 | O37: 24.85 | P37: 21.9 | Q37: 113.47 | R37: 0.88 | S37: 1 | T37: 1 | U37: 0.2 | V37: 1 | W37: 0 | X37: $21.90 | Y37: $0.00
A38: 45969 | B38: 45969 | C38: Saffron Supplement | D38: USD | E38: SP SAFFRON AUTO RESEARCH 05192025 GA | F38: auto | G38: United States | H38: loose-match | I38: - | J38: ashwagandha and saffron supplements | K38: 1 | L38: 1 | M38: 1 | N38: $3.00 | O38: 3 | P38: 21.9 | Q38: 13.7 | R38: 7.3 | S38: 1 | T38: 1 | U38: 1 | V38: 1 | W38: 0 | X38: $21.90 | Y38: $0.00
A39: 45969 | B39: 45969 | C39: SP BROAD SEED | D39: USD | E39: SP AUTO MACA KW DISCOVERY GA | F39: AUTO | G39: United States | H39: loose-match | I39: - | J39: maca root | K39: 0 | L39: 0 | O39: 0 | P39: 24.94 | Q39: 0 | S39: 1 | T39: 1 | V39: 1 | W39: 0 | X39: $24.94 | Y39: $0.00
A40: 45969 | B40: 45969 | C40: SP BROAD SEED | D40: USD | E40: SP MACA BROAD RESEARCH 22082024 HB | F40: MACA RESEARCH | G40: United States | H40: =+maca +root -> #NAME? | I40: BROAD | J40: shawanda and maca root | K40: 2 | L40: 1 | M40: 0.5 | N40: $2.73 | O40: 2.73 | P40: 24.94 | Q40: 10.95 | R40: 9.14 | S40: 1 | T40: 1 | U40: 1 | V40: 1 | W40: 0 | X40: $24.94 | Y40: $0.00
A41: 45968 | B41: 45968 | C41: SP BROAD SEED | D41: USD | E41: SP MACA ROOT KW ASHWAGANDHA BROAD GA 29102022 | F41: ashwagandha | G41: United States | H41: ashwagandha | I41: BROAD | J41: ashwagandha capsules 400mg root | K41: 2 | L41: 1 | M41: 0.5 | N41: $3.41 | O41: 3.41 | P41: 24.94 | Q41: 13.67 | R41: 7.31 | S41: 1 | T41: 1 | U41: 1 | V41: 1 | W41: 0 | X41: $24.94 | Y41: $0.00
A42: 45968 | B42: 45968 | C42: SP BROAD SEED | D42: USD | E42: SP MACA ROOT KW ASHWAGANDHA BROAD GA 29102022 | F42: ashwagandha | G42: United States | H42: ashwagandha | I42: BROAD | J42: ashwagandha spirulina chlorella turmeric ginger pill | K42: 1 | L42: 1 | M42: 1 | N42: $2.59 | O42: 2.59 | P42: 24.94 | Q42: 10.38 | R42: 9.63 | S42: 1 | T42: 1 | U42: 1 | V42: 1 | W42: 0 | X42: $24.94 | Y42: $0.00
A43: 45968 | B43: 45968 | C43: SP BROAD SEED | D43: USD | E43: SP MACA BROAD RESEARCH 22082024 HB | F43: MACA RESEARCH | G43: United States | H43: =+maca +root -> #NAME? | I43: BROAD | J43: ocalgon maca root | K43: 2 | L43: 1 | M43: 0.5 | N43: $4.35 | O43: 4.35 | P43: 49.88 | Q43: 8.72 | R43: 11.47 | S43: 1 | T43: 2 | U43: 1 | V43: 2 | W43: 0 | X43: $49.88 | Y43: $0.00
A44: 45967 | B44: 45967 | C44: SP BROAD SEED | D44: USD | E44: SP MACA BROAD RESEARCH 22082024 HB | F44: MACA RESEARCH | G44: United States | H44: =+maca +root -> #NAME? | I44: BROAD | J44: black girl vitamins maca root | K44: 3 | L44: 1 | M44: 0.333333 | N44: $4.35 | O44: 4.35 | P44: 24.94 | Q44: 17.44 | R44: 5.73 | S44: 1 | T44: 1 | U44: 1 | V44: 1 | W44: 0 | X44: $24.94 | Y44: $0.00
A45: 45967 | B45: 45967 | C45: SP TOS | D45: USD | E45: SP TOS MACA ASHWA KW RANK GA 04042024 | F45: MACA ASHWAGANDHA | G45: United States | H45: maca root ashwagandha | I45: PHRASE | J45: irwin naturals maca root (and ashwagandha) 75 liquid softgel | K45: 1 | L45: 1 | M45: 1 | N45: $2.08 | O45: 2.08 | P45: 24.94 | Q45: 8.34 | R45: 11.99 | S45: 1 | T45: 1 | U45: 1 | V45: 1 | W45: 0 | X45: $24.94 | Y45: $0.00
A46: 45967 | B46: 45967 | C46: SP BROAD SEED | D46: USD | E46: SP AUTO MACA KW DISCOVERY GA | F46: AUTO | G46: United States | H46: close-match | I46: - | J46: maca root extract | K46: 13 | L46: 1 | M46: 0.076923 | N46: $4.68 | O46: 4.68 | P46: 24.94 | Q46: 18.77 | R46: 5.33 | S46: 1 | T46: 1 | U46: 1 | V46: 1 | W46: 0 | X46: $24.94 | Y46: $0.00
A47: 45967 | B47: 45967 | C47: SP BROAD SEED | D47: USD | E47: SP MACA BROAD RESEARCH 22082024 HB | F47: MACA RESEARCH | G47: United States | H47: =+maca +root -> #NAME? | I47: BROAD | J47: natures bounty maca root | K47: 3 | L47: 1 | M47: 0.333333 | N47: $2.07 | O47: 2.07 | P47: 24.94 | Q47: 8.3 | R47: 12.05 | S47: 1 | T47: 1 | U47: 1 | V47: 1 | W47: 0 | X47: $24.94 | Y47: $0.00
A48: 45966 | B48: 45966 | C48: CATCH ALL | D48: USD | E48: SP BROAD CATCH ALL MACA GA 21052022 | F48: BROAD | G48: United States | H48: ashwagandha | I48: PHRASE | J48: ashwagandha supplements | K48: 108 | L48: 1 | M48: 0.009259 | N48: $0.63 | O48: 0.63 | P48: 24.94 | Q48: 2.53 | R48: 39.59 | S48: 1 | T48: 1 | U48: 1 | V48: 1 | W48: 0 | X48: $24.94 | Y48: $0.00
A49: 45966 | B49: 45966 | C49: SP BROAD SEED | D49: USD | E49: SP MACA BROAD RESEARCH 22082024 HB | F49: MACA RESEARCH | G49: United States | H49: =+maca +root -> #NAME? | I49: BROAD | J49: maca root 1500 2000 mg | K49: 2 | L49: 1 | M49: 0.5 | N49: $3.44 | O49: 3.44 | P49: 24.94 | Q49: 13.79 | R49: 7.25 | S49: 1 | T49: 1 | U49: 1 | V49: 1 | W49: 0 | X49: $24.94 | Y49: $0.00
A50: 45966 | B50: 45966 | C50: SP BROAD SEED | D50: USD | E50: SP AUTO MACA KW DISCOVERY GA | F50: AUTO | G50: United States | H50: close-match | I50: - | J50: maca root ashwagandha | K50: 9 | L50: 1 | M50: 0.111111 | N50: $3.06 | O50: 3.06 | P50: 24.94 | Q50: 12.27 | R50: 8.15 | S50: 1 | T50: 1 | U50: 1 | V50: 1 | W50: 0 | X50: $24.94 | Y50: $0.00
A51: 45966 | B51: 45969 | C51: SP BROAD SEED | D51: USD | E51: SP AUTO MACA KW DISCOVERY GA | F51: AUTO | G51: United States | H51: close-match | I51: - | J51: maca root capsules for men | K51: 350 | L51: 6 | M51: 0.017143 | N51: $3.89 | O51: 23.36 | P51: 49.88 | Q51: 46.83 | R51: 2.14 | S51: 2 | T51: 2 | U51: 0.333333 | V51: 2 | W51: 0 | X51: $49.88 | Y51: $0.00
A52: 45966 | B52: 45966 | C52: No Portfolio | D52: USD | E52: SP EXACT BRANDED SEARCH | F52: Branded search | G52: United States | H52: circle of nature | I52: PHRASE | J52: maca root circle of nature | K52: 2 | L52: 1 | M52: 0.5 | N52: $3.09 | O52: 3.09 | P52: 24.94 | Q52: 12.39 | R52: 8.07 | S52: 1 | T52: 1 | U52: 1 | V52: 1 | W52: 0 | X52: $24.94 | Y52: $0.00
A53: 45966 | B53: 45968 | C53: Saffron Supplement | D53: USD | E53: SP SAFFRON AUTO RESEARCH 05192025 GA | F53: auto | G53: United States | H53: loose-match | I53: - | J53: saffron supplements | K53: 36 | L53: 3 | M53: 0.083333 | N53: $2.25 | O53: 6.74 | P53: 43.8 | Q53: 15.39 | R53: 6.5 | S53: 2 | T53: 2 | U53: 0.666667 | V53: 2 | W53: 0 | X53: $43.80 | Y53: $0.00
A54: 45965 | B54: 45965 | C54: SP BROAD SEED | D54: USD | E54: SP AUTO MACA KW DISCOVERY GA | F54: AUTO | G54: United States | H54: loose-match | I54: - | J54: ashwagandha supplements | K54: 13 | L54: 1 | M54: 0.076923 | N54: $2.63 | O54: 2.63 | P54: 24.94 | Q54: 10.55 | R54: 9.48 | S54: 1 | T54: 1 | U54: 1 | V54: 1 | W54: 0 | X54: $24.94 | Y54: $0.00
A55: 45965 | B55: 45965 | C55: SP BROAD SEED | D55: USD | E55: SP MACA ROOT KW ASHWAGANDHA BROAD GA 29102022 | F55: ashwagandha | G55: United States | H55: ashwagandha | I55: BROAD | J55: high dose ashwagandha | K55: 6 | L55: 1 | M55: 0.166667 | N55: $2.83 | O55: 2.83 | P55: 24.94 | Q55: 11.35 | R55: 8.81 | S55: 1 | T55: 1 | U55: 1 | V55: 1 | W55: 0 | X55: $24.94 | Y55: $0.00
A56: 45965 | B56: 45965 | C56: SP BROAD SEED | D56: USD | E56: SP AUTO MACA KW DISCOVERY GA | F56: AUTO | G56: United States | H56: loose-match | I56: - | J56: maca del peru capsula | K56: 1 | L56: 1 | M56: 1 | N56: $2.62 | O56: 2.62 | P56: 24.94 | Q56: 10.51 | R56: 9.52 | S56: 1 | T56: 1 | U56: 1 | V56: 1 | W56: 0 | X56: $24.94 | Y56: $0.00
A57: 45965 | B57: 45965 | C57: Saffron Supplement | D57: USD | E57: SP SAFFRON AUTO RESEARCH 05192025 GA | F57: auto | G57: United States | H57: loose-match | I57: - | J57: saffron stigma in capsules | K57: 1 | L57: 1 | M57: 1 | N57: $3.00 | O57: 3 | P57: 21.9 | Q57: 13.7 | R57: 7.3 | S57: 1 | T57: 1 | U57: 1 | V57: 1 | W57: 0 | X57: $21.90 | Y57: $0.00
A58: 45964 | B58: 45968 | C58: SP BROAD SEED | D58: USD | E58: SP MACA BROAD RESEARCH 22082024 HB | F58: MACA RESEARCH | G58: United States | H58: =+maca +root -> #NAME? | I58: BROAD | J58: ashwagandha and maca root | K58: 54 | L58: 3 | M58: 0.055556 | N58: $3.69 | O58: 11.07 | P58: 24.94 | Q58: 44.39 | R58: 2.25 | S58: 1 | T58: 1 | U58: 0.333333 | V58: 1 | W58: 0 | X58: $24.94 | Y58: $0.00
A59: 45964 | B59: 45968 | C59: SP BROAD SEED | D59: USD | E59: SP MACA ROOT KW ASHWAGANDHA BROAD GA 29102022 | F59: ashwagandha | G59: United States | H59: ashwagandha | I59: BROAD | J59: ashwagandha damiana maca | K59: 8 | L59: 2 | M59: 0.25 | N59: $3.69 | O59: 7.38 | P59: 24.94 | Q59: 29.59 | R59: 3.38 | S59: 1 | T59: 1 | U59: 0.5 | V59: 1 | W59: 0 | X59: $24.94 | Y59: $0.00
A60: 45964 | B60: 45969 | C60: SP BROAD SEED | D60: USD | E60: SP AUTO MACA KW DISCOVERY GA | F60: AUTO | G60: United States | H60: close-match | I60: - | J60: ashwagandha for men | K60: 58 | L60: 3 | M60: 0.051724 | N60: $3.81 | O60: 11.44 | P60: 49.88 | Q60: 22.94 | R60: 4.36 | S60: 2 | T60: 2 | U60: 0.666667 | V60: 2 | W60: 0 | X60: $49.88 | Y60: $0.00
A61: 45964 | B61: 45964 | C61: SP BROAD SEED | D61: USD | E61: SP MACA ROOT KW ASHWAGANDHA BROAD GA 29102022 | F61: ashwagandha | G61: United States | H61: ashwagandha | I61: BROAD | J61: max strength ashwagandha | K61: 4 | L61: 1 | M61: 0.25 | N61: $3.86 | O61: 3.86 | P61: 24.94 | Q61: 15.48 | R61: 6.46 | S61: 1 | T61: 1 | U61: 1 | V61: 1 | W61: 0 | X61: $24.94 | Y61: $0.00
A62: 45964 | B62: 45964 | C62: Saffron Supplement | D62: USD | E62: SP SAFFRON AUTO RESEARCH 05192025 GA | F62: auto | G62: United States | H62: loose-match | I62: - | J62: number one saffron capsules dietary | K62: 1 | L62: 1 | M62: 1 | N62: $3.00 | O62: 3 | P62: 21.9 | Q62: 13.7 | R62: 7.3 | S62: 1 | T62: 1 | U62: 1 | V62: 1 | W62: 0 | X62: $21.90 | Y62: $0.00
A63: 45964 | B63: 45968 | C63: Saffron Supplement | D63: USD | E63: SP SAFFRON EXACT SALES COMBO KW GA 05132025 | F63: Combo Exact | G63: United States | H63: saffron ashwagandha supplements | I63: EXACT | J63: saffron and ashwagandha supplements | K63: 11 | L63: 2 | M63: 0.181818 | N63: $5.18 | O63: 10.36 | P63: 21.9 | Q63: 47.31 | R63: 2.11 | S63: 1 | T63: 1 | U63: 0.5 | V63: 1 | W63: 0 | X63: $21.90 | Y63: $0.00
A64: 45964 | B64: 45964 | C64: Saffron Supplement | D64: USD | E64: SP SAFFRON EXACT SALES COMBO KW GA 05132025 | F64: Combo Exact | G64: United States | H64: saffron with magnesium | I64: EXACT | J64: saffron and magnesium | K64: 6 | L64: 1 | M64: 0.166667 | N64: $4.28 | O64: 4.28 | P64: 21.9 | Q64: 19.54 | R64: 5.12 | S64: 1 | T64: 1 | U64: 1 | V64: 1 | W64: 0 | X64: $21.90 | Y64: $0.00
A65: 45964 | B65: 45969 | C65: Saffron Supplement | D65: USD | E65: SP SAFFRON EXACT SALES COMBO KW GA 05132025 | F65: Combo Exact | G65: United States | H65: saffron with magnesium | I65: EXACT | J65: saffron magnesium | K65: 12 | L65: 3 | M65: 0.25 | N65: $3.59 | O65: 10.78 | P65: 21.9 | Q65: 49.22 | R65: 2.03 | S65: 1 | T65: 1 | U65: 0.333333 | V65: 1 | W65: 0 | X65: $21.90 | Y65: $0.00
A66: 45964 | B66: 45964 | C66: CATCH ALL | D66: USD | E66: SP BROAD CATCH ALL MACA GA 21052022 | F66: BROAD | G66: United States | H66: maca | I66: BROAD | J66: transformation supplements maca | K66: 2 | L66: 1 | M66: 0.5 | N66: $0.76 | O66: 0.76 | P66: 24.94 | Q66: 3.05 | R66: 32.82 | S66: 1 | T66: 1 | U66: 1 | V66: 1 | W66: 0 | X66: $24.94 | Y66: $0.00
A67: 45963 | B67: 45963 | C67: Saffron Supplement | D67: USD | E67: SP SAFFRON AUTO RESEARCH 05192025 GA | F67: auto | G67: United States | H67: loose-match | I67: - | J67: afron saffron | K67: 6 | L67: 1 | M67: 0.166667 | N67: $2.91 | O67: 2.91 | P67: 21.9 | Q67: 13.29 | R67: 7.53 | S67: 1 | T67: 1 | U67: 1 | V67: 1 | W67: 0 | X67: $21.90 | Y67: $0.00
A68: 45963 | B68: 45969 | C68: Rank | D68: USD | E68: SP TOS KW ASHWGANDHA GA RANK 07082024 | F68: ashwagandha | G68: United States | H68: ashwagandha | I68: EXACT | J68: ashwagandha | K68: 2756 | L68: 10 | M68: 0.003628 | N68: $2.19 | O68: 21.94 | P68: 24.94 | Q68: 87.97 | R68: 1.14 | S68: 1 | T68: 1 | U68: 0.1 | V68: 1 | W68: 0 | X68: $24.94 | Y68: $0.00
A69: 45963 | B69: 45963 | C69: SP BROAD SEED | D69: USD | E69: SP MACA ROOT KW ASHWAGANDHA BROAD GA 29102022 | F69: ashwagandha | G69: United States | H69: ashwagandha | I69: BROAD | J69: ashwagandha for men | K69: 13 | L69: 1 | M69: 0.076923 | N69: $2.83 | O69: 2.83 | P69: 24.94 | Q69: 11.35 | R69: 8.81 | S69: 1 | T69: 1 | U69: 1 | V69: 1 | W69: 0 | X69: $24.94 | Y69: $0.00
A70: 45963 | B70: 45964 | C70: SP BROAD SEED | D70: USD | E70: SP MACA ROOT KW ASHWAGANDHA BROAD GA 29102022 | F70: ashwagandha | G70: United States | H70: ashwagandha | I70: BROAD | J70: ashwagandha natural supplements | K70: 25 | L70: 2 | M70: 0.08 | N70: $4.34 | O70: 8.68 | P70: 24.94 | Q70: 34.8 | R70: 2.87 | S70: 1 | T70: 1 | U70: 0.5 | V70: 1 | W70: 0 | X70: $24.94 | Y70: $0.00
... A75: 45963 | B75: 45969 | C75: Rank | D75: USD | E75: MACA ROOT TOS EXACT CAMPAIGN 27042022 RANK | F75: MACA EXACT TEST CAMPAIGN | G75: United States | H75: maca root | I75: EXACT | J75: maca root | K75: 1957 | L75: 52 | M75: 0.026571 | N75: $3.01 | O75: 156.45 | P75: 249.4 | Q75: 62.73 | R75: 1.59 | S75: 10 | T75: 10 | U75: 0.192308 | V75: 10 | W75: 0 | X75: $249.40 | Y75: $0.00
A76: 45963 | B76: 45964 | C76: SP BROAD SEED | D76: USD | E76: SP MACA BROAD RESEARCH 22082024 HB | F76: MACA RESEARCH | G76: United States | H76: =+maca +root -> #NAME? | I76: BROAD | J76: maca root | K76: 0 | L76: 0 | O76: 0 | P76: 49.88 | Q76: 0 | S76: 2 | T76: 2 | V76: 2 | W76: 0 | X76: $49.88 | Y76: $0.00
A77: 45963 | B77: 45969 | C77: SP TOS | D77: USD | E77: SP TOS MACA ASHWA KW RANK GA 04042024 | F77: MACA ASHWAGANDHA | G77: United States | H77: maca root ashwagandha | I77: PHRASE | J77: maca root and ashwagandha | K77: 66 | L77: 5 | M77: 0.075758 | N77: $2.99 | O77: 14.93 | P77: 24.94 | Q77: 59.86 | R77: 1.67 | S77: 1 | T77: 1 | U77: 0.2 | V77: 1 | W77: 0 | X77: $24.94 | Y77: $0.00
A78: 45963 | B78: 45969 | C78: SP TOS | D78: USD | E78: SP TOS MACA ASHWA KW RANK GA 04042024 | F78: MACA ASHWAGANDHA | G78: United States | H78: maca root ashwagandha | I78: PHRASE | J78: maca root ashwagandha | K78: 120 | L78: 10 | M78: 0.083333 | N78: $3.11 | O78: 31.14 | P78: 49.88 | Q78: 62.43 | R78: 1.6 | S78: 2 | T78: 2 | U78: 0.2 | V78: 2 | W78: 0 | X78: $49.88 | Y78: $0.00
A79: 45963 | B79: 45963 | C79: Saffron Supplement | D79: USD | E79: SP SAFFRON AUTO RESEARCH 05192025 GA | F79: auto | G79: United States | H79: loose-match | I79: - | J79: rosbella saffron | K79: 1 | L79: 1 | M79: 1 | N79: $3.00 | O79: 3 | P79: 21.9 | Q79: 13.7 | R79: 7.3 | S79: 1 | T79: 1 | U79: 1 | V79: 1 | W79: 0 | X79: $21.90 | Y79: $0.00
A80: 45962 | B80: 45962 | C80: SP BROAD SEED | D80: USD | E80: SP AUTO MACA KW DISCOVERY GA | F80: AUTO | G80: United States | H80: close-match | I80: - | J80: maca root extract for men | K80: 4 | L80: 1 | M80: 0.25 | N80: $4.70 | O80: 4.7 | P80: 24.94 | Q80: 18.85 | R80: 5.31 | S80: 1 | T80: 1 | U80: 1 | V80: 1 | W80: 0 | X80: $24.94 | Y80: $0.00
A81: 45961 | B81: 45961 | C81: SP BROAD SEED | D81: USD | E81: SP MACA BROAD RESEARCH 22082024 HB | F81: MACA RESEARCH | G81: United States | H81: =+maca +root -> #NAME? | I81: BROAD | J81: blyss nutrition alive - maca root | K81: 2 | L81: 1 | M81: 0.5 | N81: $3.29 | O81: 3.29 | P81: 24.94 | Q81: 13.19 | R81: 7.58 | S81: 1 | T81: 1 | U81: 1 | V81: 1 | W81: 0 | X81: $24.94 | Y81: $0.00
A82: 45961 | B82: 45961 | C82: SP BROAD SEED | D82: USD | E82: SP AUTO MACA KW DISCOVERY GA | F82: AUTO | G82: United States | H82: close-match | I82: - | J82: maca capsules men | K82: 1 | L82: 1 | M82: 1 | N82: $2.74 | O82: 2.74 | P82: 24.94 | Q82: 10.99 | R82: 9.1 | S82: 1 | T82: 1 | U82: 1 | V82: 1 | W82: 0 | X82: $24.94 | Y82: $0.00
A83: 45961 | B83: 45961 | C83: SP BROAD SEED | D83: USD | E83: SP MACA ROOT KW ASHWAGANDHA BROAD GA 29102022 | F83: ashwagandha | G83: United States | H83: ashwagandha | I83: BROAD | J83: organic maca and ashwagandha | K83: 2 | L83: 1 | M83: 0.5 | N83: $2.83 | O83: 2.83 | P83: 24.94 | Q83: 11.35 | R83: 8.81 | S83: 1 | T83: 1 | U83: 1 | V83: 1 | W83: 0 | X83: $24.94 | Y83: $0.00
A84: 45960 | B84: 45960 | C84: CATCH ALL | D84: USD | E84: SP BROAD CATCH ALL MACA GA 21052022 | F84: BROAD | G84: United States | H84: ashwagandha | I84: PHRASE | J84: ashwagandha damiana maca | K84: 1 | L84: 1 | M84: 1 | N84: $1.36 | O84: 1.36 | P84: 24.94 | Q84: 5.45 | R84: 18.34 | S84: 1 | T84: 1 | U84: 1 | V84: 1 | W84: 0 | X84: $24.94 | Y84: $0.00
A85: 45960 | B85: 45960 | C85: SP BROAD SEED | D85: USD | E85: SP MACA BROAD RESEARCH 22082024 HB | F85: MACA RESEARCH | G85: United States | H85: =+maca +root -> #NAME? | I85: BROAD | J85: peruvian maca root for women | K85: 4 | L85: 2 | M85: 0.5 | N85: $3.60 | O85: 7.2 | P85: 24.94 | Q85: 28.87 | R85: 3.46 | S85: 1 | T85: 1 | U85: 0.5 | V85: 1 | W85: 0 | X85: $24.94 | Y85: $0.00
A86: 45959 | B86: 45961 | C86: SP BROAD SEED | D86: USD | E86: SP AUTO MACA KW DISCOVERY GA | F86: AUTO | G86: United States | H86: close-match | I86: - | J86: ashwagandha maca root | K86: 10 | L86: 2 | M86: 0.2 | N86: $3.66 | O86: 7.31 | P86: 24.94 | Q86: 29.31 | R86: 3.41 | S86: 1 | T86: 1 | U86: 0.5 | V86: 1 | W86: 0 | X86: $24.94 | Y86: $0.00
A87: 45959 | B87: 45959 | C87: SP BROAD SEED | D87: USD | E87: SP MACA ROOT KW ASHWAGANDHA BROAD GA 29102022 | F87: ashwagandha | G87: United States | H87: ashwagandha | I87: BROAD | J87: ashwagandha root extract | K87: 5 | L87: 1 | M87: 0.2 | N87: $4.34 | O87: 4.34 | P87: 24.94 | Q87: 17.4 | R87: 5.75 | S87: 1 | T87: 1 | U87: 1 | V87: 1 | W87: 0 | X87: $24.94 | Y87: $0.00
A88: 45959 | B88: 45959 | C88: SP BROAD SEED | D88: USD | E88: SP AUTO MACA KW DISCOVERY GA | F88: AUTO | G88: United States | H88: loose-match | I88: - | J88: heavy duty ashwagandha | K88: 1 | L88: 1 | M88: 1 | N88: $3.67 | O88: 3.67 | P88: 24.94 | Q88: 14.72 | R88: 6.8 | S88: 1 | T88: 1 | U88: 1 | V88: 1 | W88: 0 | X88: $24.94 | Y88: $0.00
A89: 45959 | B89: 45959 | C89: SP BROAD SEED | D89: USD | E89: SP AUTO MACA KW DISCOVERY GA | F89: AUTO | G89: United States | H89: loose-match | I89: - | J89: maca 500 | K89: 1 | L89: 1 | M89: 1 | N89: $3.67 | O89: 3.67 | P89: 24.94 | Q89: 14.72 | R89: 6.8 | S89: 1 | T89: 1 | U89: 1 | V89: 1 | W89: 0 | X89: $24.94 | Y89: $0.00
A90: 45959 | B90: 45959 | C90: SP BROAD SEED | D90: USD | E90: SP AUTO MACA KW DISCOVERY GA | F90: AUTO | G90: United States | H90: loose-match | I90: - | J90: maca capsules for pits | K90: 25 | L90: 2 | M90: 0.08 | N90: $3.14 | O90: 6.28 | P90: 24.94 | Q90: 25.18 | R90: 3.97 | S90: 1 | T90: 1 | U90: 0.5 | V90: 1 | W90: 0 | X90: $24.94 | Y90: $0.00
A91: 45959 | B91: 45959 | C91: SP BROAD SEED | D91: USD | E91: SP AUTO MACA KW DISCOVERY GA | F91: AUTO | G91: United States | H91: loose-match | I91: - | J91: maca pills 1000mg | K91: 1 | L91: 1 | M91: 1 | N91: $2.72 | O91: 2.72 | P91: 24.94 | Q91: 10.91 | R91: 9.17 | S91: 1 | T91: 1 | U91: 1 | V91: 1 | W91: 0 | X91: $24.94 | Y91: $0.00
A92: 45959 | B92: 45962 | C92: SP BROAD SEED | D92: USD | E92: SP AUTO MACA KW DISCOVERY GA | F92: AUTO | G92: United States | H92: close-match | I92: - | J92: maca root ashwagandha | K92: 86 | L92: 6 | M92: 0.069767 | N92: $3.66 | O92: 21.94 | P92: 74.82 | Q92: 29.32 | R92: 3.41 | S92: 3 | T92: 3 | U92: 0.5 | V92: 3 | W92: 0 | X92: $74.82 | Y92: $0.00
A93: 45959 | B93: 45960 | C93: No Portfolio | D93: USD | E93: SP SAFFRON PHRASE SAFFRON ASHWA SALES GA 07182025 | F93: saffron ashwagandha | G93: United States | H93: saffron ashwagandha supplements | I93: PHRASE | J93: saffron and ashwagandha supplements | K93: 14 | L93: 2 | M93: 0.142857 | N93: $4.35 | O93: 8.69 | P93: 43.8 | Q93: 19.84 | R93: 5.04 | S93: 2 | T93: 2 | U93: 1 | V93: 2 | W93: 0 | X93: $43.80 | Y93: $0.00
A94: 45959 | B94: 45959 | C94: No Portfolio | D94: USD | E94: SP SAFFRON PHRASE SAFFRON ASHWA SALES GA 07182025 | F94: saffron ashwagandha | G94: United States | H94: saffron ashwagandha | I94: PHRASE | J94: saffron saffron ashwagandha | K94: 1 | L94: 1 | M94: 1 | N94: $4.53 | O94: 4.53 | P94: 21.9 | Q94: 20.68 | R94: 4.83 | S94: 1 | T94: 1 | U94: 1 | V94: 1 | W94: 0 | X94: $21.90 | Y94: $0.00
A95: 45959 | B95: 45959 | C95: SP BROAD SEED | D95: USD | E95: SP AUTO MACA KW DISCOVERY GA | F95: AUTO | G95: United States | H95: loose-match | I95: - | J95: vitamin awagashaga | K95: 2 | L95: 2 | M95: 1 | N95: $3.15 | O95: 6.3 | P95: 49.88 | Q95: 12.63 | R95: 7.92 | S95: 2 | T95: 2 | U95: 1 | V95: 2 | W95: 0 | X95: $49.88 | Y95: $0.00
A96: 45958 | B96: 45958 | C96: SP BROAD SEED | D96: USD | E96: SP MACA ROOT KW ASHWAGANDHA BROAD GA 29102022 | F96: ashwagandha | G96: United States | H96: ashwagandha | I96: BROAD | J96: ashwagandha for men's hair loss 450 mg | K96: 1 | L96: 1 | M96: 1 | N96: $2.03 | O96: 2.03 | P96: 49.88 | Q96: 4.07 | R96: 24.57 | S96: 2 | T96: 2 | U96: 2 | V96: 2 | W96: 0 | X96: $49.88 | Y96: $0.00
A97: 45958 | B97: 45958 | C97: SP BROAD SEED | D97: USD | E97: SP MACA ROOT KW ASHWAGANDHA BROAD GA 29102022 | F97: ashwagandha | G97: United States | H97: ashwagandha | I97: BROAD | J97: ashwagandha gut health | K97: 1 | L97: 1 | M97: 1 | N97: $4.34 | O97: 4.34 | P97: 24.94 | Q97: 17.4 | R97: 5.75 | S97: 1 | T97: 1 | U97: 1 | V97: 1 | W97: 0 | X97: $24.94 | Y97: $0.00
A98: 45958 | B98: 45958 | C98: SP BROAD SEED | D98: USD | E98: SP MACA BROAD RESEARCH 22082024 HB | F98: MACA RESEARCH | G98: United States | H98: =+maca +root -> #NAME? | I98: BROAD | J98: fertility for him maca root multivitamin gummies | K98: 1 | L98: 1 | M98: 1 | N98: $4.18 | O98: 4.18 | P98: 24.94 | Q98: 16.76 | R98: 5.97 | S98: 1 | T98: 1 | U98: 1 | V98: 1 | W98: 0 | X98: $24.94 | Y98: $0.00
A99: 45958 | B99: 45958 | C99: CATCH ALL | D99: USD | E99: SP BROAD CATCH ALL MACA GA 21052022 | F99: BROAD | G99: United States | H99: ashwagandha | I99: PHRASE | J99: maca ashwagandha | K99: 10 | L99: 1 | M99: 0.1 | N99: $1.82 | O99: 1.82 | P99: 24.94 | Q99: 7.3 | R99: 13.7 | S99: 1 | T99: 1 | U99: 1 | V99: 1 | W99: 0 | X99: $24.94 | Y99: $0.00
A100: 45958 | B100: 45958 | C100: SP TOS | D100: USD | E100: SP TOS MACA ASHWA KW RANK GA 04042024 | F100: MACA ASHWAGANDHA | G100: United States | H100: maca root ashwagandha | I100: PHRASE | J100: maca root and ashwagandha vitamin | K100: 5 | L100: 1 | M100: 0.2 | N100: $2.92 | O100: 2.92 | P100: 24.94 | Q100: 11.71 | R100: 8.54 | S100: 1 | T100: 1 | U100: 1 | V100: 1 | W100: 0 | X100: $24.94 | Y100: $0.00
A101: 45958 | B101: 45962 | C101: SP BROAD SEED | D101: USD | E101: SP AUTO MACA KW DISCOVERY GA | F101: AUTO | G101: United States | H101: close-match | I101: - | J101: maca root capsules | K101: 506 | L101: 7 | M101: 0.013834 | N101: $4.20 | O101: 29.4 | P101: 99.76 | Q101: 29.47 | R101: 3.39 | S101: 3 | T101: 4 | U101: 0.428571 | V101: 4 | W101: 0 | X101: $99.76 | Y101: $0.00
A102: 45958 | B102: 45958 | C102: Saffron Supplement | D102: USD | E102: SP SAFFRON AUTO RESEARCH 05192025 GA | F102: auto | G102: United States | H102: loose-match | I102: - | J102: saffron 88.5 mg | K102: 1 | L102: 1 | M102: 1 | N102: $2.54 | O102: 2.54 | P102: 43.8 | Q102: 5.8 | R102: 17.24 | S102: 1 | T102: 2 | U102: 1 | V102: 2 | W102: 0 | X102: $43.80 | Y102: $0.00
A103: 45958 | B103: 45958 | C103: Saffron Supplement | D103: USD | E103: SP SAFFRON AUTO RESEARCH 05192025 GA | F103: auto | G103: United States | H103: loose-match | I103: - | J103: saffron capsules | K103: 7 | L103: 1 | M103: 0.142857 | N103: $2.87 | O103: 2.87 | P103: 21.9 | Q103: 13.11 | R103: 7.63 | S103: 1 | T103: 1 | U103: 1 | V103: 1 | W103: 0 | X103: $21.90 | Y103: $0.00
A104: 45957 | B104: 45957 | C104: Saffron Supplement | D104: USD | E104: SP SAFFRON BROAD RESEARCH COMBO KW GA 05132025 | F104: Combo Broad | G104: United States | H104: saffron ashwagandha supplements | I104: BROAD | J104: afron and ashwagandha | K104: 2 | L104: 1 | M104: 0.5 | N104: $1.45 | O104: 1.45 | P104: 21.9 | Q104: 6.62 | R104: 15.1 | S104: 1 | T104: 1 | U104: 1 | V104: 1 | W104: 0 | X104: $21.90 | Y104: $0.00
...

Sheet CamparisionReport
B1: 5 week comp. | C1: November 2nd Week | H1: November 1st Week | M1: October 4th Week | R1: October 3rd Week | W1: October 2nd Week | AB1: October 1st Week | AG1: Sep 5th Week | AL1: Sep 4th Week | AQ1: Sep 3rd Week | AV1: Sep 2nd Week | BA1: Sep 1st Week | BF1: Aug Week 5 | BK1: Aug Week 4 | BP1: Aug Week 3 | BU1: Aug Week 2 | BZ1: Aug Week 1
A2: Customer Search Term | B2: Performance | C2: Clicks | D2: Imp | E2: Spend | F2: Sales | G2: Acos | H2: Clicks | I2: Imp | J2: Spend | K2: Sales | L2: Acos | M2: Clicks | N2: Imp | O2: Spend | P2: Sales | Q2: Acos | R2: Clicks | S2: Imp | T2: Spend | U2: Sales | V2: Acos | W2: Clicks | X2: Imp | Y2: Spend | Z2: Sales | AA2: Acos | AB2: Clicks | AC2: Imp | AD2: Spend | AE2: Sales | AF2: Acos | AG2: Clicks | AH2: Imp | AI2: Spend | AJ2: Sales | AK2: Acos | AL2: Clicks | AM2: Imp | AN2: Spend | AO2: Sales | AP2: Acos | AQ2: Clicks | AR2: Imp | AS2: Spend | AT2: Sales | AU2: Acos | AV2: Clicks | AW2: Imp | AX2: Spend | AY2: Sales | AZ2: Acos | BA2: Clicks | BB2: Imp | BC2: Spend | BD2: Sales | BE2: Acos | BF2: Clicks | BG2: Imp | BH2: Spend | BI2: Sales | BJ2: Acos | BK2: Clicks | BL2: Imp | BM2: Spend | BN2: Sales | BO2: Acos | BP2: Clicks | BQ2: Imp | BR2: Spend | BS2: Sales | BT2: Acos | BU2: Clicks | BV2: Imp | BW2: Spend | BX2: Sales | BY2: Acos | BZ2: Clicks | CA2: Imp | CB2: Spend | CC2: Sales | CD2: Acos
A3: maca root | B3: =IF( (E3+J3+O3+T3+Y3)=0, "NO TRAFFIC", IF( (F3+K3+P3+U3+Z3)=0, "CLICKS NO SALES", IF( ((E3+J3+O3+T3+Y3)/(F3+K3+P3+U3+Z3)*100)<=35, "WINNER", "HIGH ACOS" ) ) ) -> HIGH ACOS | C3: =SUMIFS('9NovTo15Nov'!$L:$L, '9NovTo15Nov'!$J:$J, $A3) -> 46 | D3: =SUMIFS('9NovTo15Nov'!$K:$K, '9NovTo15Nov'!$J:$J, $A3) -> 1193 | E3: =SUMIFS('9NovTo15Nov'!$O:$O, '9NovTo15Nov'!$J:$J, $A3) -> 142.49 | F3: =SUMIFS('9NovTo15Nov'!$P:$P, '9NovTo15Nov'!$J:$J, $A3) -> 174.58 | G3: =IF(F3=0, 0, E3/F3*100) -> 81.618742 | H3: =SUMIFS('2NovTo8Nov'!$L:$L, '2NovTo8Nov'!$J:$J, $A3) -> 52 | I3: =SUMIFS('2NovTo8Nov'!$K:$K, '2NovTo8Nov'!$J:$J, $A3) -> 1957 | J3: =SUMIFS('2NovTo8Nov'!$O:$O, '2NovTo8Nov'!$J:$J, $A3) -> 156.45 | K3: =SUMIFS('2NovTo8Nov'!$P:$P, '2NovTo8Nov'!$J:$J, $A3) -> 324.22 | L3: =IF(K3=0, 0, J3/K3*100) -> 48.254272 | M3: =SUMIFS('26OctTo1Nov'!$L:$L, '26OctTo1Nov'!$J:$J, $A3) -> 67 | N3: =SUMIFS('26OctTo1Nov'!$K:$K, '26OctTo1Nov'!$J:$J, $A3) -> 2725 | O3: =SUMIFS('26OctTo1Nov'!$O:$O, '26OctTo1Nov'!$J:$J, $A3) -> 208.67 | P3: =SUMIFS('26OctTo1Nov'!$P:$P, '26OctTo1Nov'!$J:$J, $A3) -> 498.8 | Q3: =IF(P3=0, 0, O3/P3*100) -> 41.834403 | R3: =SUMIFS('19OctTo25Oct'!$L:$L, '19OctTo25Oct'!$J:$J, $A3) -> 53 | S3: =SUMIFS('19OctTo25Oct'!$K:$K, '19OctTo25Oct'!$J:$J, $A3) -> 4522 | T3: =SUMIFS('19OctTo25Oct'!$O:$O, '19OctTo25Oct'!$J:$J, $A3) -> 191.67 | U3: =SUMIFS('19OctTo25Oct'!$P:$P, '19OctTo25Oct'!$J:$J, $A3) -> 199.52 | V3: =IF(U3=0, 0, T3/U3*100) -> 96.065557 | W3: =SUMIFS('12OctTo18Oct'!$L:$L, '12OctTo18Oct'!$J:$J, $A3) -> 71 | X3: =SUMIFS('12OctTo18Oct'!$K:$K, '12OctTo18Oct'!$J:$J, $A3) -> 4225 | Y3: =SUMIFS('12OctTo18Oct'!$O:$O, '12OctTo18Oct'!$J:$J, $A3) -> 209.71 | Z3: =SUMIFS('12OctTo18Oct'!$P:$P, '12OctTo18Oct'!$J:$J, $A3) -> 299.28 | AA3: =IF(Z3=0, 0, Y3/Z3*100) -> 70.071505 | AB3: =SUMIFS('5OctTo11Oct'!$L:$L, '5OctTo11Oct'!$J:$J, $A3) -> 62 | AC3: =SUMIFS('5OctTo11Oct'!$K:$K, '5OctTo11Oct'!$J:$J, $A3) -> 3370 | AD3: =SUMIFS('5OctTo11Oct'!$O:$O, '5OctTo11Oct'!$J:$J, $A3) -> 194.77 | AE3: =SUMIFS('5OctTo11Oct'!$P:$P, '5OctTo11Oct'!$J:$J, $A3) -> 244.4 | AF3: =IF(AE3=0, 0, AD3/AE3*100) -> 79.693126 | AG3: =SUMIFS('28SepTo4Oct'!$L:$L, '28SepTo4Oct'!$J:$J, $A3) -> 55 | AH3: =SUMIFS('28SepTo4Oct'!$K:$K, '28SepTo4Oct'!$J:$J, $A3) -> 5597 | AI3: =SUMIFS('28SepTo4Oct'!$O:$O, '28SepTo4Oct'!$J:$J, $A3) -> 179.96 | AJ3: =SUMIFS('28SepTo4Oct'!$P:$P, '28SepTo4Oct'!$J:$J, $A3) -> 189.64 | AK3: =IF(AJ3=0, 0, AI3/AJ3*100) -> 94.895592 | AL3: =SUMIFS('21SepTo27Sep'!$L:$L, '21SepTo27Sep'!$J:$J, $A3) -> 58 | AM3: =SUMIFS('21SepTo27Sep'!$K:$K, '21SepTo27Sep'!$J:$J, $A3) -> 4915 | AN3: =SUMIFS('21SepTo27Sep'!$O:$O, '21SepTo27Sep'!$J:$J, $A3) -> 180.03 | AO3: =SUMIFS('21SepTo27Sep'!$P:$P, '21SepTo27Sep'!$J:$J, $A3) -> 122.26 | AP3: =IF(AO3=0, 0, AN3/AO3*100) -> 147.25176 | AQ3: =SUMIFS('14SepTo20Sep'!$L:$L, '14SepTo20Sep'!$J:$J, $A3) -> 75 | AR3: =SUMIFS('14SepTo20Sep'!$K:$K, '14SepTo20Sep'!$J:$J, $A3) -> 5195 | AS3: =SUMIFS('14SepTo20Sep'!$O:$O, '14SepTo20Sep'!$J:$J, $A3) -> 239.51 | AT3: =SUMIFS('14SepTo20Sep'!$P:$P, '14SepTo20Sep'!$J:$J, $A3) -> 199.52 | AU3: =IF(AT3=0, 0, AS3/AT3*100) -> 120.0431 | AV3: =SUMIFS('7SepTo13Sep'!$L:$L, '7SepTo13Sep'!$J:$J, $A3) -> 66 | AW3: =SUMIFS('7SepTo13Sep'!$K:$K, '7SepTo13Sep'!$J:$J, $A3) -> 5173 | AX3: =SUMIFS('7SepTo13Sep'!$O:$O, '7SepTo13Sep'!$J:$J, $A3) -> 194.16 | AY3: =SUMIFS('7SepTo13Sep'!$P:$P, '7SepTo13Sep'!$J:$J, $A3) -> 374.1 | AZ3: =IF(AY3=0, 0, AX3/AY3*100) -> 51.900561 | BA3: =SUMIFS('31AugTo6Sep'!$L:$L, '31AugTo6Sep'!$J:$J, $A3) -> 76 | BB3: =SUMIFS('31AugTo6Sep'!$K:$K, '31AugTo6Sep'!$J:$J, $A3) -> 4656 | BC3: =SUMIFS('31AugTo6Sep'!$O:$O, '31AugTo6Sep'!$J:$J, $A3) -> 209.44 | BD3: =SUMIFS('31AugTo6Sep'!$P:$P, '31AugTo6Sep'!$J:$J, $A3) -> 361.78 | BE3: =IF(BD3=0, 0, BC3/BD3*100) -> 57.891536 | BF3: =SUMIFS('24AugTo29Aug'!$L:$L, '24AugTo29Aug'!$J:$J, $A3) -> 24 | BG3: =SUMIFS('24AugTo29Aug'!$K:$K, '24AugTo29Aug'!$J:$J, $A3) -> 1930 | BH3: =SUMIFS('24AugTo29Aug'!$O:$O, '24AugTo29Aug'!$J:$J, $A3) -> 70.94 | BI3: =SUMIFS('24AugTo29Aug'!$P:$P, '24AugTo29Aug'!$J:$J, $A3) -> 99.76 | BJ3: =IF(BI3=0, 0, BH3/BI3*100) -> 71.110666 | BK3: =SUMIFS('17AugTo21Aug'!$L:$L, '17AugTo21Aug'!$J:$J, $A3) -> 48 | BL3: =SUMIFS('17AugTo21Aug'!$K:$K, '17AugTo21Aug'!$J:$J, $A3) -> 3821 | BM3: =SUMIFS('17AugTo21Aug'!$O:$O, '17AugTo21Aug'!$J:$J, $A3) -> 126.9 | BN3: =SUMIFS('17AugTo21Aug'!$P:$P, '17AugTo21Aug'!$J:$J, $A3) -> 149.64 | BO3: =IF(BN3=0, 0, BM3/BN3*100) -> 84.803528 | BP3: =SUMIFS('10AugTo16Aug'!$L:$L, '10AugTo16Aug'!$J:$J, $A3) -> 107 | BQ3: =SUMIFS('10AugTo16Aug'!$K:$K, '10AugTo16Aug'!$J:$J, $A3) -> 6034 | BR3: =SUMIFS('10AugTo16Aug'!$O:$O, '10AugTo16Aug'!$J:$J, $A3) -> 265.68 | BS3: =SUMIFS('10AugTo16Aug'!$P:$P, '10AugTo16Aug'!$J:$J, $A3) -> 374.1 | BT3: =IF(BS3=0, 0, BR3/BS3*100) -> 71.018444 | BU3: =SUMIFS('3AugTo9Aug'!$L:$L, '3AugTo9Aug'!$J:$J, $A3) -> 94 | BV3: =SUMIFS('3AugTo9Aug'!$K:$K, '3AugTo9Aug'!$J:$J, $A3) -> 8313 | BW3: =SUMIFS('3AugTo9Aug'!$O:$O, '3AugTo9Aug'!$J:$J, $A3) -> 238.01 | BX3: =SUMIFS('3AugTo9Aug'!$P:$P, '3AugTo9Aug'!$J:$J, $A3) -> 448.92 | BY3: =IF(BX3=0, 0, BW3/BX3*100) -> 53.018355 | BZ3: =SUMIFS('27JulyTo2Aug'!$L:$L, '27JulyTo2Aug'!$J:$J, $A3) -> 72 | CA3: =SUMIFS('27JulyTo2Aug'!$K:$K, '27JulyTo2Aug'!$J:$J, $A3) -> 4617 | CB3: =SUMIFS('27JulyTo2Aug'!$O:$O, '27JulyTo2Aug'!$J:$J, $A3) -> 175.8 | CC3: =SUMIFS('27JulyTo2Aug'!$P:$P, '27JulyTo2Aug'!$J:$J, $A3) -> 296.84 | CD3: =IF(CC3=0, 0, CB3/CC3*100) -> 59.223824
A4: maca root ashwagandha | B4: =IF( (E4+J4+O4+T4+Y4)=0, "NO TRAFFIC", IF( (F4+K4+P4+U4+Z4)=0, "CLICKS NO SALES", IF( ((E4+J4+O4+T4+Y4)/(F4+K4+P4+U4+Z4)*100)<=35, "WINNER", "HIGH ACOS" ) ) ) -> HIGH ACOS | C4: =SUMIFS('9NovTo15Nov'!$L:$L, '9NovTo15Nov'!$J:$J, $A4) -> 5 | D4: =SUMIFS('9NovTo15Nov'!$K:$K, '9NovTo15Nov'!$J:$J, $A4) -> 89 | E4: =SUMIFS('9NovTo15Nov'!$O:$O, '9NovTo15Nov'!$J:$J, $A4) -> 18.25 | F4: =SUMIFS('9NovTo15Nov'!$P:$P, '9NovTo15Nov'!$J:$J, $A4) -> 24.94 | G4: =IF(F4=0, 0, E4/F4*100) -> 73.175621 | H4: =SUMIFS('2NovTo8Nov'!$L:$L, '2NovTo8Nov'!$J:$J, $A4) -> 11 | I4: =SUMIFS('2NovTo8Nov'!$K:$K, '2NovTo8Nov'!$J:$J, $A4) -> 129 | J4: =SUMIFS('2NovTo8Nov'!$O:$O, '2NovTo8Nov'!$J:$J, $A4) -> 34.2 | K4: =SUMIFS('2NovTo8Nov'!$P:$P, '2NovTo8Nov'!$J:$J, $A4) -> 74.82 | L4: =IF(K4=0, 0, J4/K4*100) -> 45.709703 | M4: =SUMIFS('26OctTo1Nov'!$L:$L, '26OctTo1Nov'!$J:$J, $A4) -> 21 | N4: =SUMIFS('26OctTo1Nov'!$K:$K, '26OctTo1Nov'!$J:$J, $A4) -> 201 | O4: =SUMIFS('26OctTo1Nov'!$O:$O, '26OctTo1Nov'!$J:$J, $A4) -> 72.44 | P4: =SUMIFS('26OctTo1Nov'!$P:$P, '26OctTo1Nov'!$J:$J, $A4) -> 124.7 | Q4: =IF(P4=0, 0, O4/P4*100) -> 58.091419 | R4: =SUMIFS('19OctTo25Oct'!$L:$L, '19OctTo25Oct'!$J:$J, $A4) -> 13 | S4: =SUMIFS('19OctTo25Oct'!$K:$K, '19OctTo25Oct'!$J:$J, $A4) -> 193 | T4: =SUMIFS('19OctTo25Oct'!$O:$O, '19OctTo25Oct'!$J:$J, $A4) -> 40.01 | U4: =SUMIFS('19OctTo25Oct'!$P:$P, '19OctTo25Oct'!$J:$J, $A4) -> 74.82 | V4: =IF(U4=0, 0, T4/U4*100) -> 53.475007 | W4: =SUMIFS('12OctTo18Oct'!$L:$L, '12OctTo18Oct'!$J:$J, $A4) -> 15 | X4: =SUMIFS('12OctTo18Oct'!$K:$K, '12OctTo18Oct'!$J:$J, $A4) -> 344 | Y4: =SUMIFS('12OctTo18Oct'!$O:$O, '12OctTo18Oct'!$J:$J, $A4) -> 42.66 | Z4: =SUMIFS('12OctTo18Oct'!$P:$P, '12OctTo18Oct'!$J:$J, $A4) -> 99.76 | AA4: =IF(Z4=0, 0, Y4/Z4*100) -> 42.76263 | AB4: =SUMIFS('5OctTo11Oct'!$L:$L, '5OctTo11Oct'!$J:$J, $A4) -> 17 | AC4: =SUMIFS('5OctTo11Oct'!$K:$K, '5OctTo11Oct'!$J:$J, $A4) -> 416 | AD4: =SUMIFS('5OctTo11Oct'!$O:$O, '5OctTo11Oct'!$J:$J, $A4) -> 50.49 | AE4: =SUMIFS('5OctTo11Oct'!$P:$P, '5OctTo11Oct'!$J:$J, $A4) -> 124.7 | AF4: =IF(AE4=0, 0, AD4/AE4*100) -> 40.489174 | AG4: =SUMIFS('28SepTo4Oct'!$L:$L, '28SepTo4Oct'!$J:$J, $A4) -> 14 | AH4: =SUMIFS('28SepTo4Oct'!$K:$K, '28SepTo4Oct'!$J:$J, $A4) -> 335 | AI4: =SUMIFS('28SepTo4Oct'!$O:$O, '28SepTo4Oct'!$J:$J, $A4) -> 44.19 | AJ4: =SUMIFS('28SepTo4Oct'!$P:$P, '28SepTo4Oct'!$J:$J, $A4) -> 74.82 | AK4: =IF(AJ4=0, 0, AI4/AJ4*100) -> 59.061748 | AL4: =SUMIFS('21SepTo27Sep'!$L:$L, '21SepTo27Sep'!$J:$J, $A4) -> 21 | AM4: =SUMIFS('21SepTo27Sep'!$K:$K, '21SepTo27Sep'!$J:$J, $A4) -> 603 | AN4: =SUMIFS('21SepTo27Sep'!$O:$O, '21SepTo27Sep'!$J:$J, $A4) -> 61.69 | AO4: =SUMIFS('21SepTo27Sep'!$P:$P, '21SepTo27Sep'!$J:$J, $A4) -> 172.14 | AP4: =IF(AO4=0, 0, AN4/AO4*100) -> 35.837109 | AQ4: =SUMIFS('14SepTo20Sep'!$L:$L, '14SepTo20Sep'!$J:$J, $A4) -> 12 | AR4: =SUMIFS('14SepTo20Sep'!$K:$K, '14SepTo20Sep'!$J:$J, $A4) -> 102 | AS4: =SUMIFS('14SepTo20Sep'!$O:$O, '14SepTo20Sep'!$J:$J, $A4) -> 38.55 | AT4: =SUMIFS('14SepTo20Sep'!$P:$P, '14SepTo20Sep'!$J:$J, $A4) -> 24.94 | AU4: =IF(AT4=0, 0, AS4/AT4*100) -> 154.57097 | AV4: =SUMIFS('7SepTo13Sep'!$L:$L, '7SepTo13Sep'!$J:$J, $A4) -> 16 | AW4: =SUMIFS('7SepTo13Sep'!$K:$K, '7SepTo13Sep'!$J:$J, $A4) -> 241 | AX4: =SUMIFS('7SepTo13Sep'!$O:$O, '7SepTo13Sep'!$J:$J, $A4) -> 54.51 | AY4: =SUMIFS('7SepTo13Sep'!$P:$P, '7SepTo13Sep'!$J:$J, $A4) -> 174.58 | AZ4: =IF(AY4=0, 0, AX4/AY4*100) -> 31.223508 | BA4: =SUMIFS('31AugTo6Sep'!$L:$L, '31AugTo6Sep'!$J:$J, $A4) -> 2 | BB4: =SUMIFS('31AugTo6Sep'!$K:$K, '31AugTo6Sep'!$J:$J, $A4) -> 6 | BC4: =SUMIFS('31AugTo6Sep'!$O:$O, '31AugTo6Sep'!$J:$J, $A4) -> 7.09 | BD4: =SUMIFS('31AugTo6Sep'!$P:$P, '31AugTo6Sep'!$J:$J, $A4) -> 24.94 | BE4: =IF(BD4=0, 0, BC4/BD4*100) -> 28.428228 | BF4: =SUMIFS('24AugTo29Aug'!$L:$L, '24AugTo29Aug'!$J:$J, $A4) -> 16 | BG4: =SUMIFS('24AugTo29Aug'!$K:$K, '24AugTo29Aug'!$J:$J, $A4) -> 1552 | BH4: =SUMIFS('24AugTo29Aug'!$O:$O, '24AugTo29Aug'!$J:$J, $A4) -> 47.26 | BI4: =SUMIFS('24AugTo29Aug'!$P:$P, '24AugTo29Aug'!$J:$J, $A4) -> 74.82 | BJ4: =IF(BI4=0, 0, BH4/BI4*100) -> 63.164929 | BK4: =SUMIFS('17AugTo21Aug'!$L:$L, '17AugTo21Aug'!$J:$J, $A4) -> 5 | BL4: =SUMIFS('17AugTo21Aug'!$K:$K, '17AugTo21Aug'!$J:$J, $A4) -> 214 | BM4: =SUMIFS('17AugTo21Aug'!$O:$O, '17AugTo21Aug'!$J:$J, $A4) -> 13.79 | BN4: =SUMIFS('17AugTo21Aug'!$P:$P, '17AugTo21Aug'!$J:$J, $A4) -> 97.32 | BO4: =IF(BN4=0, 0, BM4/BN4*100) -> 14.169749 | BP4: =SUMIFS('10AugTo16Aug'!$L:$L, '10AugTo16Aug'!$J:$J, $A4) -> 22 | BQ4: =SUMIFS('10AugTo16Aug'!$K:$K, '10AugTo16Aug'!$J:$J, $A4) -> 702 | BR4: =SUMIFS('10AugTo16Aug'!$O:$O, '10AugTo16Aug'!$J:$J, $A4) -> 69.75 | BS4: =SUMIFS('10AugTo16Aug'!$P:$P, '10AugTo16Aug'!$J:$J, $A4) -> 99.76 | BT4: =IF(BS4=0, 0, BR4/BS4*100) -> 69.917803 | BU4: =SUMIFS('3AugTo9Aug'!$L:$L, '3AugTo9Aug'!$J:$J, $A4) -> 9 | BV4: =SUMIFS('3AugTo9Aug'!$K:$K, '3AugTo9Aug'!$J:$J, $A4) -> 242 | BW4: =SUMIFS('3AugTo9Aug'!$O:$O, '3AugTo9Aug'!$J:$J, $A4) -> 31.18 | BX4: =SUMIFS('3AugTo9Aug'!$P:$P, '3AugTo9Aug'!$J:$J, $A4) -> 99.76 | BY4: =IF(BX4=0, 0, BW4/BX4*100) -> 31.255012 | BZ4: =SUMIFS('27JulyTo2Aug'!$L:$L, '27JulyTo2Aug'!$J:$J, $A4) -> 15 | CA4: =SUMIFS('27JulyTo2Aug'!$K:$K, '27JulyTo2Aug'!$J:$J, $A4) -> 387 | CB4: =SUMIFS('27JulyTo2Aug'!$O:$O, '27JulyTo2Aug'!$J:$J, $A4) -> 51.23 | CC4: =SUMIFS('27JulyTo2Aug'!$P:$P, '27JulyTo2Aug'!$J:$J, $A4) -> 74.82 | CD4: =IF(CC4=0, 0, CB4/CC4*100) -> 68.470997
A5: ashwagandha | B5: =IF( (E5+J5+O5+T5+Y5)=0, "NO TRAFFIC", IF( (F5+K5+P5+U5+Z5)=0, "CLICKS NO SALES", IF( ((E5+J5+O5+T5+Y5)/(F5+K5+P5+U5+Z5)*100)<=35, "WINNER", "HIGH ACOS" ) ) ) -> HIGH ACOS | C5: =SUMIFS('9NovTo15Nov'!$L:$L, '9NovTo15Nov'!$J:$J, $A5) -> 17 | D5: =SUMIFS('9NovTo15Nov'!$K:$K, '9NovTo15Nov'!$J:$J, $A5) -> 3950 | E5: =SUMIFS('9NovTo15Nov'!$O:$O, '9NovTo15Nov'!$J:$J, $A5) -> 48.28 | F5: =SUMIFS('9NovTo15Nov'!$P:$P, '9NovTo15Nov'!$J:$J, $A5) -> 149.64 | G5: =IF(F5=0, 0, E5/F5*100) -> 32.264101 | H5: =SUMIFS('2NovTo8Nov'!$L:$L, '2NovTo8Nov'!$J:$J, $A5) -> 10 | I5: =SUMIFS('2NovTo8Nov'!$K:$K, '2NovTo8Nov'!$J:$J, $A5) -> 2756 | J5: =SUMIFS('2NovTo8Nov'!$O:$O, '2NovTo8Nov'!$J:$J, $A5) -> 21.94 | K5: =SUMIFS('2NovTo8Nov'!$P:$P, '2NovTo8Nov'!$J:$J, $A5) -> 24.94 | L5: =IF(K5=0, 0, J5/K5*100) -> 87.971131 | M5: =SUMIFS('26OctTo1Nov'!$L:$L, '26OctTo1Nov'!$J:$J, $A5) -> 21 | N5: =SUMIFS('26OctTo1Nov'!$K:$K, '26OctTo1Nov'!$J:$J, $A5) -> 4109 | O5: =SUMIFS('26OctTo1Nov'!$O:$O, '26OctTo1Nov'!$J:$J, $A5) -> 56.92 | P5: =SUMIFS('26OctTo1Nov'!$P:$P, '26OctTo1Nov'!$J:$J, $A5) -> 24.94 | Q5: =IF(P5=0, 0, O5/P5*100) -> 228.22775 | R5: =SUMIFS('19OctTo25Oct'!$L:$L, '19OctTo25Oct'!$J:$J, $A5) -> 27 | S5: =SUMIFS('19OctTo25Oct'!$K:$K, '19OctTo25Oct'!$J:$J, $A5) -> 7472 | T5: =SUMIFS('19OctTo25Oct'!$O:$O, '19OctTo25Oct'!$J:$J, $A5) -> 75.11 | U5: =SUMIFS('19OctTo25Oct'!$P:$P, '19OctTo25Oct'!$J:$J, $A5) -> 174.58 | V5: =IF(U5=0, 0, T5/U5*100) -> 43.023256 | W5: =SUMIFS('12OctTo18Oct'!$L:$L, '12OctTo18Oct'!$J:$J, $A5) -> 31 | X5: =SUMIFS('12OctTo18Oct'!$K:$K, '12OctTo18Oct'!$J:$J, $A5) -> 3930 | Y5: =SUMIFS('12OctTo18Oct'!$O:$O, '12OctTo18Oct'!$J:$J, $A5) -> 83.01 | Z5: =SUMIFS('12OctTo18Oct'!$P:$P, '12OctTo18Oct'!$J:$J, $A5) -> 249.4 | AA5: =IF(Z5=0, 0, Y5/Z5*100) -> 33.283881 | AB5: =SUMIFS('5OctTo11Oct'!$L:$L, '5OctTo11Oct'!$J:$J, $A5) -> 11 | AC5: =SUMIFS('5OctTo11Oct'!$K:$K, '5OctTo11Oct'!$J:$J, $A5) -> 545 | AD5: =SUMIFS('5OctTo11Oct'!$O:$O, '5OctTo11Oct'!$J:$J, $A5) -> 36.65 | AE5: =SUMIFS('5OctTo11Oct'!$P:$P, '5OctTo11Oct'!$J:$J, $A5) -> 74.82 | AF5: =IF(AE5=0, 0, AD5/AE5*100) -> 48.984229 | AG5: =SUMIFS('28SepTo4Oct'!$L:$L, '28SepTo4Oct'!$J:$J, $A5) -> 5 | AH5: =SUMIFS('28SepTo4Oct'!$K:$K, '28SepTo4Oct'!$J:$J, $A5) -> 253 | AI5: =SUMIFS('28SepTo4Oct'!$O:$O, '28SepTo4Oct'!$J:$J, $A5) -> 16.91 | AJ5: =SUMIFS('28SepTo4Oct'!$P:$P, '28SepTo4Oct'!$J:$J, $A5) -> 24.94 | AK5: =IF(AJ5=0, 0, AI5/AJ5*100) -> 67.802727 | AL5: =SUMIFS('21SepTo27Sep'!$L:$L, '21SepTo27Sep'!$J:$J, $A5) -> 13 | AM5: =SUMIFS('21SepTo27Sep'!$K:$K, '21SepTo27Sep'!$J:$J, $A5) -> 1322 | AN5: =SUMIFS('21SepTo27Sep'!$O:$O, '21SepTo27Sep'!$J:$J, $A5) -> 37.97 | AO5: =SUMIFS('21SepTo27Sep'!$P:$P, '21SepTo27Sep'!$J:$J, $A5) -> 124.7 | AP5: =IF(AO5=0, 0, AN5/AO5*100) -> 30.449078 | AQ5: =SUMIFS('14SepTo20Sep'!$L:$L, '14SepTo20Sep'!$J:$J, $A5) -> 17 | AR5: =SUMIFS('14SepTo20Sep'!$K:$K, '14SepTo20Sep'!$J:$J, $A5) -> 1538 | AS5: =SUMIFS('14SepTo20Sep'!$O:$O, '14SepTo20Sep'!$J:$J, $A5) -> 72.65 | AT5: =SUMIFS('14SepTo20Sep'!$P:$P, '14SepTo20Sep'!$J:$J, $A5) -> 99.76 | AU5: =IF(AT5=0, 0, AS5/AT5*100) -> 72.824779 | AV5: =SUMIFS('7SepTo13Sep'!$L:$L, '7SepTo13Sep'!$J:$J, $A5) -> 0 | AW5: =SUMIFS('7SepTo13Sep'!$K:$K, '7SepTo13Sep'!$J:$J, $A5) -> 0 | AX5: =SUMIFS('7SepTo13Sep'!$O:$O, '7SepTo13Sep'!$J:$J, $A5) -> 0 | AY5: =SUMIFS('7SepTo13Sep'!$P:$P, '7SepTo13Sep'!$J:$J, $A5) -> 0 | AZ5: =IF(AY5=0, 0, AX5/AY5*100) -> 0 | BA5: =SUMIFS('31AugTo6Sep'!$L:$L, '31AugTo6Sep'!$J:$J, $A5) -> 9 | BB5: =SUMIFS('31AugTo6Sep'!$K:$K, '31AugTo6Sep'!$J:$J, $A5) -> 960 | BC5: =SUMIFS('31AugTo6Sep'!$O:$O, '31AugTo6Sep'!$J:$J, $A5) -> 30.18 | BD5: =SUMIFS('31AugTo6Sep'!$P:$P, '31AugTo6Sep'!$J:$J, $A5) -> 174.58 | BE5: =IF(BD5=0, 0, BC5/BD5*100) -> 17.287204 | BF5: =SUMIFS('24AugTo29Aug'!$L:$L, '24AugTo29Aug'!$J:$J, $A5) -> 7 | BG5: =SUMIFS('24AugTo29Aug'!$K:$K, '24AugTo29Aug'!$J:$J, $A5) -> 418 | BH5: =SUMIFS('24AugTo29Aug'!$O:$O, '24AugTo29Aug'!$J:$J, $A5) -> 19.48 | BI5: =SUMIFS('24AugTo29Aug'!$P:$P, '24AugTo29Aug'!$J:$J, $A5) -> 74.82 | BJ5: =IF(BI5=0, 0, BH5/BI5*100) -> 26.035819 | BK5: =SUMIFS('17AugTo21Aug'!$L:$L, '17AugTo21Aug'!$J:$J, $A5) -> 14 | BL5: =SUMIFS('17AugTo21Aug'!$K:$K, '17AugTo21Aug'!$J:$J, $A5) -> 766 | BM5: =SUMIFS('17AugTo21Aug'!$O:$O, '17AugTo21Aug'!$J:$J, $A5) -> 47.2 | BN5: =SUMIFS('17AugTo21Aug'!$P:$P, '17AugTo21Aug'!$J:$J, $A5) -> 99.76 | BO5: =IF(BN5=0, 0, BM5/BN5*100) -> 47.313553 | BP5: =SUMIFS('10AugTo16Aug'!$L:$L, '10AugTo16Aug'!$J:$J, $A5) -> 6 | BQ5: =SUMIFS('10AugTo16Aug'!$K:$K, '10AugTo16Aug'!$J:$J, $A5) -> 293 | BR5: =SUMIFS('10AugTo16Aug'!$O:$O, '10AugTo16Aug'!$J:$J, $A5) -> 18.04 | BS5: =SUMIFS('10AugTo16Aug'!$P:$P, '10AugTo16Aug'!$J:$J, $A5) -> 49.88 | BT5: =IF(BS5=0, 0, BR5/BS5*100) -> 36.1668 | BU5: =SUMIFS('3AugTo9Aug'!$L:$L, '3AugTo9Aug'!$J:$J, $A5) -> 15 | BV5: =SUMIFS('3AugTo9Aug'!$K:$K, '3AugTo9Aug'!$J:$J, $A5) -> 1045 | BW5: =SUMIFS('3AugTo9Aug'!$O:$O, '3AugTo9Aug'!$J:$J, $A5) -> 41.35 | BX5: =SUMIFS('3AugTo9Aug'!$P:$P, '3AugTo9Aug'!$J:$J, $A5) -> 99.76 | BY5: =IF(BX5=0, 0, BW5/BX5*100) -> 41.449479 | BZ5: =SUMIFS('27JulyTo2Aug'!$L:$L, '27JulyTo2Aug'!$J:$J, $A5) -> 25 | CA5: =SUMIFS('27JulyTo2Aug'!$K:$K, '27JulyTo2Aug'!$J:$J, $A5) -> 1127 | CB5: =SUMIFS('27JulyTo2Aug'!$O:$O, '27JulyTo2Aug'!$J:$J, $A5) -> 80.07 | CC5: =SUMIFS('27JulyTo2Aug'!$P:$P, '27JulyTo2Aug'!$J:$J, $A5) -> 199.52 | CD5: =IF(CC5=0, 0, CB5/CC5*100) -> 40.131315
A6: maca root capsules | B6: =IF( (E6+J6+O6+T6+Y6)=0, "NO TRAFFIC", IF( (F6+K6+P6+U6+Z6)=0, "CLICKS NO SALES", IF( ((E6+J6+O6+T6+Y6)/(F6+K6+P6+U6+Z6)*100)<=35, "WINNER", "HIGH ACOS" ) ) ) -> WINNER | C6: =SUMIFS('9NovTo15Nov'!$L:$L, '9NovTo15Nov'!$J:$J, $A6) -> 5 | D6: =SUMIFS('9NovTo15Nov'!$K:$K, '9NovTo15Nov'!$J:$J, $A6) -> 360 | E6: =SUMIFS('9NovTo15Nov'!$O:$O, '9NovTo15Nov'!$J:$J, $A6) -> 18.54 | F6: =SUMIFS('9NovTo15Nov'!$P:$P, '9NovTo15Nov'!$J:$J, $A6) -> 74.82 | G6: =IF(F6=0, 0, E6/F6*100) -> 24.779471 | H6: =SUMIFS('2NovTo8Nov'!$L:$L, '2NovTo8Nov'!$J:$J, $A6) -> 0 | I6: =SUMIFS('2NovTo8Nov'!$K:$K, '2NovTo8Nov'!$J:$J, $A6) -> 0 | J6: =SUMIFS('2NovTo8Nov'!$O:$O, '2NovTo8Nov'!$J:$J, $A6) -> 0 | K6: =SUMIFS('2NovTo8Nov'!$P:$P, '2NovTo8Nov'!$J:$J, $A6) -> 0 | L6: =IF(K6=0, 0, J6/K6*100) -> 0 | M6: =SUMIFS('26OctTo1Nov'!$L:$L, '26OctTo1Nov'!$J:$J, $A6) -> 7 | N6: =SUMIFS('26OctTo1Nov'!$K:$K, '26OctTo1Nov'!$J:$J, $A6) -> 506 | O6: =SUMIFS('26OctTo1Nov'!$O:$O, '26OctTo1Nov'!$J:$J, $A6) -> 29.4 | P6: =SUMIFS('26OctTo1Nov'!$P:$P, '26OctTo1Nov'!$J:$J, $A6) -> 99.76 | Q6: =IF(P6=0, 0, O6/P6*100) -> 29.47073 | R6: =SUMIFS('19OctTo25Oct'!$L:$L, '19OctTo25Oct'!$J:$J, $A6) -> 0 | S6: =SUMIFS('19OctTo25Oct'!$K:$K, '19OctTo25Oct'!$J:$J, $A6) -> 0 | T6: =SUMIFS('19OctTo25Oct'!$O:$O, '19OctTo25Oct'!$J:$J, $A6) -> 0 | U6: =SUMIFS('19OctTo25Oct'!$P:$P, '19OctTo25Oct'!$J:$J, $A6) -> 0 | V6: =IF(U6=0, 0, T6/U6*100) -> 0 | W6: =SUMIFS('12OctTo18Oct'!$L:$L, '12OctTo18Oct'!$J:$J, $A6) -> 4 | X6: =SUMIFS('12OctTo18Oct'!$K:$K, '12OctTo18Oct'!$J:$J, $A6) -> 242 | Y6: =SUMIFS('12OctTo18Oct'!$O:$O, '12OctTo18Oct'!$J:$J, $A6) -> 16.08 | Z6: =SUMIFS('12OctTo18Oct'!$P:$P, '12OctTo18Oct'!$J:$J, $A6) -> 24.94 | AA6: =IF(Z6=0, 0, Y6/Z6*100) -> 64.474739 | AB6: =SUMIFS('5OctTo11Oct'!$L:$L, '5OctTo11Oct'!$J:$J, $A6) -> 3 | AC6: =SUMIFS('5OctTo11Oct'!$K:$K, '5OctTo11Oct'!$J:$J, $A6) -> 75 | AD6: =SUMIFS('5OctTo11Oct'!$O:$O, '5OctTo11Oct'!$J:$J, $A6) -> 8.15 | AE6: =SUMIFS('5OctTo11Oct'!$P:$P, '5OctTo11Oct'!$J:$J, $A6) -> 24.94 | AF6: =IF(AE6=0, 0, AD6/AE6*100) -> 32.678428 | AG6: =SUMIFS('28SepTo4Oct'!$L:$L, '28SepTo4Oct'!$J:$J, $A6) -> 4 | AH6: =SUMIFS('28SepTo4Oct'!$K:$K, '28SepTo4Oct'!$J:$J, $A6) -> 203 | AI6: =SUMIFS('28SepTo4Oct'!$O:$O, '28SepTo4Oct'!$J:$J, $A6) -> 15.04 | AJ6: =SUMIFS('28SepTo4Oct'!$P:$P, '28SepTo4Oct'!$J:$J, $A6) -> 24.94 | AK6: =IF(AJ6=0, 0, AI6/AJ6*100) -> 60.304731 | AL6: =SUMIFS('21SepTo27Sep'!$L:$L, '21SepTo27Sep'!$J:$J, $A6) -> 5 | AM6: =SUMIFS('21SepTo27Sep'!$K:$K, '21SepTo27Sep'!$J:$J, $A6) -> 151 | AN6: =SUMIFS('21SepTo27Sep'!$O:$O, '21SepTo27Sep'!$J:$J, $A6) -> 21.44 | AO6: =SUMIFS('21SepTo27Sep'!$P:$P, '21SepTo27Sep'!$J:$J, $A6) -> 24.94 | AP6: =IF(AO6=0, 0, AN6/AO6*100) -> 85.966319 | AQ6: =SUMIFS('14SepTo20Sep'!$L:$L, '14SepTo20Sep'!$J:$J, $A6) -> 0 | AR6: =SUMIFS('14SepTo20Sep'!$K:$K, '14SepTo20Sep'!$J:$J, $A6) -> 0 | AS6: =SUMIFS('14SepTo20Sep'!$O:$O, '14SepTo20Sep'!$J:$J, $A6) -> 0 | AT6: =SUMIFS('14SepTo20Sep'!$P:$P, '14SepTo20Sep'!$J:$J, $A6) -> 0 | AU6: =IF(AT6=0, 0, AS6/AT6*100) -> 0 | AV6: =SUMIFS('7SepTo13Sep'!$L:$L, '7SepTo13Sep'!$J:$J, $A6) -> 0 | AW6: =SUMIFS('7SepTo13Sep'!$K:$K, '7SepTo13Sep'!$J:$J, $A6) -> 0 | AX6: =SUMIFS('7SepTo13Sep'!$O:$O, '7SepTo13Sep'!$J:$J, $A6) -> 0 | AY6: =SUMIFS('7SepTo13Sep'!$P:$P, '7SepTo13Sep'!$J:$J, $A6) -> 0 | AZ6: =IF(AY6=0, 0, AX6/AY6*100) -> 0 | BA6: =SUMIFS('31AugTo6Sep'!$L:$L, '31AugTo6Sep'!$J:$J, $A6) -> 0 | BB6: =SUMIFS('31AugTo6Sep'!$K:$K, '31AugTo6Sep'!$J:$J, $A6) -> 0 | BC6: =SUMIFS('31AugTo6Sep'!$O:$O, '31AugTo6Sep'!$J:$J, $A6) -> 0 | BD6: =SUMIFS('31AugTo6Sep'!$P:$P, '31AugTo6Sep'!$J:$J, $A6) -> 0 | BE6: =IF(BD6=0, 0, BC6/BD6*100) -> 0 | BF6: =SUMIFS('24AugTo29Aug'!$L:$L, '24AugTo29Aug'!$J:$J, $A6) -> 0 | BG6: =SUMIFS('24AugTo29Aug'!$K:$K, '24AugTo29Aug'!$J:$J, $A6) -> 0 | BH6: =SUMIFS('24AugTo29Aug'!$O:$O, '24AugTo29Aug'!$J:$J, $A6) -> 0 | BI6: =SUMIFS('24AugTo29Aug'!$P:$P, '24AugTo29Aug'!$J:$J, $A6) -> 0 | BJ6: =IF(BI6=0, 0, BH6/BI6*100) -> 0 | BK6: =SUMIFS('17AugTo21Aug'!$L:$L, '17AugTo21Aug'!$J:$J, $A6) -> 0 | BL6: =SUMIFS('17AugTo21Aug'!$K:$K, '17AugTo21Aug'!$J:$J, $A6) -> 0 | BM6: =SUMIFS('17AugTo21Aug'!$O:$O, '17AugTo21Aug'!$J:$J, $A6) -> 0 | BN6: =SUMIFS('17AugTo21Aug'!$P:$P, '17AugTo21Aug'!$J:$J, $A6) -> 0 | BO6: =IF(BN6=0, 0, BM6/BN6*100) -> 0 | BP6: =SUMIFS('10AugTo16Aug'!$L:$L, '10AugTo16Aug'!$J:$J, $A6) -> 0 | BQ6: =SUMIFS('10AugTo16Aug'!$K:$K, '10AugTo16Aug'!$J:$J, $A6) -> 0 | BR6: =SUMIFS('10AugTo16Aug'!$O:$O, '10AugTo16Aug'!$J:$J, $A6) -> 0 | BS6: =SUMIFS('10AugTo16Aug'!$P:$P, '10AugTo16Aug'!$J:$J, $A6) -> 0 | BT6: =IF(BS6=0, 0, BR6/BS6*100) -> 0 | BU6: =SUMIFS('3AugTo9Aug'!$L:$L, '3AugTo9Aug'!$J:$J, $A6) -> 6 | BV6: =SUMIFS('3AugTo9Aug'!$K:$K, '3AugTo9Aug'!$J:$J, $A6) -> 89 | BW6: =SUMIFS('3AugTo9Aug'!$O:$O, '3AugTo9Aug'!$J:$J, $A6) -> 16.57 | BX6: =SUMIFS('3AugTo9Aug'!$P:$P, '3AugTo9Aug'!$J:$J, $A6) -> 24.94 | BY6: =IF(BX6=0, 0, BW6/BX6*100) -> 66.439455 | BZ6: =SUMIFS('27JulyTo2Aug'!$L:$L, '27JulyTo2Aug'!$J:$J, $A6) -> 0 | CA6: =SUMIFS('27JulyTo2Aug'!$K:$K, '27JulyTo2Aug'!$J:$J, $A6) -> 0 | CB6: =SUMIFS('27JulyTo2Aug'!$O:$O, '27JulyTo2Aug'!$J:$J, $A6) -> 0 | CC6: =SUMIFS('27JulyTo2Aug'!$P:$P, '27JulyTo2Aug'!$J:$J, $A6) -> 0 | CD6: =IF(CC6=0, 0, CB6/CC6*100) -> 0
A7: saffron and ashwagandha supplements | B7: =IF( (E7+J7+O7+T7+Y7)=0, "NO TRAFFIC", IF( (F7+K7+P7+U7+Z7)=0, "CLICKS NO SALES", IF( ((E7+J7+O7+T7+Y7)/(F7+K7+P7+U7+Z7)*100)<=35, "WINNER", "HIGH ACOS" ) ) ) -> HIGH ACOS | C7: =SUMIFS('9NovTo15Nov'!$L:$L, '9NovTo15Nov'!$J:$J, $A7) -> 7 | D7: =SUMIFS('9NovTo15Nov'!$K:$K, '9NovTo15Nov'!$J:$J, $A7) -> 52 | E7: =SUMIFS('9NovTo15Nov'!$O:$O, '9NovTo15Nov'!$J:$J, $A7) -> 31.66 | F7: =SUMIFS('9NovTo15Nov'!$P:$P, '9NovTo15Nov'!$J:$J, $A7) -> 43.8 | G7: =IF(F7=0, 0, E7/F7*100) -> 72.283105 | H7: =SUMIFS('2NovTo8Nov'!$L:$L, '2NovTo8Nov'!$J:$J, $A7) -> 2 | I7: =SUMIFS('2NovTo8Nov'!$K:$K, '2NovTo8Nov'!$J:$J, $A7) -> 11 | J7: =SUMIFS('2NovTo8Nov'!$O:$O, '2NovTo8Nov'!$J:$J, $A7) -> 10.36 | K7: =SUMIFS('2NovTo8Nov'!$P:$P, '2NovTo8Nov'!$J:$J, $A7) -> 21.9 | L7: =IF(K7=0, 0, J7/K7*100) -> 47.305936 | M7: =SUMIFS('26OctTo1Nov'!$L:$L, '26OctTo1Nov'!$J:$J, $A7) -> 7 | N7: =SUMIFS('26OctTo1Nov'!$K:$K, '26OctTo1Nov'!$J:$J, $A7) -> 92 | O7: =SUMIFS('26OctTo1Nov'!$O:$O, '26OctTo1Nov'!$J:$J, $A7) -> 26.67 | P7: =SUMIFS('26OctTo1Nov'!$P:$P, '26OctTo1Nov'!$J:$J, $A7) -> 65.7 | Q7: =IF(P7=0, 0, O7/P7*100) -> 40.593607 | R7: =SUMIFS('19OctTo25Oct'!$L:$L, '19OctTo25Oct'!$J:$J, $A7) -> 6 | S7: =SUMIFS('19OctTo25Oct'!$K:$K, '19OctTo25Oct'!$J:$J, $A7) -> 116 | T7: =SUMIFS('19OctTo25Oct'!$O:$O, '19OctTo25Oct'!$J:$J, $A7) -> 25.46 | U7: =SUMIFS('19OctTo25Oct'!$P:$P, '19OctTo25Oct'!$J:$J, $A7) -> 21.9 | V7: =IF(U7=0, 0, T7/U7*100) -> 116.25571 | W7: =SUMIFS('12OctTo18Oct'!$L:$L, '12OctTo18Oct'!$J:$J, $A7) -> 4 | X7: =SUMIFS('12OctTo18Oct'!$K:$K, '12OctTo18Oct'!$J:$J, $A7) -> 50 | Y7: =SUMIFS('12OctTo18Oct'!$O:$O, '12OctTo18Oct'!$J:$J, $A7) -> 14.29 | Z7: =SUMIFS('12OctTo18Oct'!$P:$P, '12OctTo18Oct'!$J:$J, $A7) -> 21.9 | AA7: =IF(Z7=0, 0, Y7/Z7*100) -> 65.251142 | AB7: =SUMIFS('5OctTo11Oct'!$L:$L, '5OctTo11Oct'!$J:$J, $A7) -> 0 | AC7: =SUMIFS('5OctTo11Oct'!$K:$K, '5OctTo11Oct'!$J:$J, $A7) -> 0 | AD7: =SUMIFS('5OctTo11Oct'!$O:$O, '5OctTo11Oct'!$J:$J, $A7) -> 0 | AE7: =SUMIFS('5OctTo11Oct'!$P:$P, '5OctTo11Oct'!$J:$J, $A7) -> 0 | AF7: =IF(AE7=0, 0, AD7/AE7*100) -> 0 | AG7: =SUMIFS('28SepTo4Oct'!$L:$L, '28SepTo4Oct'!$J:$J, $A7) -> 0 | AH7: =SUMIFS('28SepTo4Oct'!$K:$K, '28SepTo4Oct'!$J:$J, $A7) -> 0 | AI7: =SUMIFS('28SepTo4Oct'!$O:$O, '28SepTo4Oct'!$J:$J, $A7) -> 0 | AJ7: =SUMIFS('28SepTo4Oct'!$P:$P, '28SepTo4Oct'!$J:$J, $A7) -> 0 | AK7: =IF(AJ7=0, 0, AI7/AJ7*100) -> 0 | AL7: =SUMIFS('21SepTo27Sep'!$L:$L, '21SepTo27Sep'!$J:$J, $A7) -> 0 | AM7: =SUMIFS('21SepTo27Sep'!$K:$K, '21SepTo27Sep'!$J:$J, $A7) -> 0 | AN7: =SUMIFS('21SepTo27Sep'!$O:$O, '21SepTo27Sep'!$J:$J, $A7) -> 0 | AO7: =SUMIFS('21SepTo27Sep'!$P:$P, '21SepTo27Sep'!$J:$J, $A7) -> 0 | AP7: =IF(AO7=0, 0, AN7/AO7*100) -> 0 | AQ7: =SUMIFS('14SepTo20Sep'!$L:$L, '14SepTo20Sep'!$J:$J, $A7) -> 0 | AR7: =SUMIFS('14SepTo20Sep'!$K:$K, '14SepTo20Sep'!$J:$J, $A7) -> 0 | AS7: =SUMIFS('14SepTo20Sep'!$O:$O, '14SepTo20Sep'!$J:$J, $A7) -> 0 | AT7: =SUMIFS('14SepTo20Sep'!$P:$P, '14SepTo20Sep'!$J:$J, $A7) -> 0 | AU7: =IF(AT7=0, 0, AS7/AT7*100) -> 0 | AV7: =SUMIFS('7SepTo13Sep'!$L:$L, '7SepTo13Sep'!$J:$J, $A7) -> 0 | AW7: =SUMIFS('7SepTo13Sep'!$K:$K, '7SepTo13Sep'!$J:$J, $A7) -> 0 | AX7: =SUMIFS('7SepTo13Sep'!$O:$O, '7SepTo13Sep'!$J:$J, $A7) -> 0 | AY7: =SUMIFS('7SepTo13Sep'!$P:$P, '7SepTo13Sep'!$J:$J, $A7) -> 0 | AZ7: =IF(AY7=0, 0, AX7/AY7*100) -> 0 | BA7: =SUMIFS('31AugTo6Sep'!$L:$L, '31AugTo6Sep'!$J:$J, $A7) -> 3 | BB7: =SUMIFS('31AugTo6Sep'!$K:$K, '31AugTo6Sep'!$J:$J, $A7) -> 16 | BC7: =SUMIFS('31AugTo6Sep'!$O:$O, '31AugTo6Sep'!$J:$J, $A7) -> 9.28 | BD7: =SUMIFS('31AugTo6Sep'!$P:$P, '31AugTo6Sep'!$J:$J, $A7) -> 21.9 | BE7: =IF(BD7=0, 0, BC7/BD7*100) -> 42.374429 | BF7: =SUMIFS('24AugTo29Aug'!$L:$L, '24AugTo29Aug'!$J:$J, $A7) -> 0 | BG7: =SUMIFS('24AugTo29Aug'!$K:$K, '24AugTo29Aug'!$J:$J, $A7) -> 0 | BH7: =SUMIFS('24AugTo29Aug'!$O:$O, '24AugTo29Aug'!$J:$J, $A7) -> 0 | BI7: =SUMIFS('24AugTo29Aug'!$P:$P, '24AugTo29Aug'!$J:$J, $A7) -> 0 | BJ7: =IF(BI7=0, 0, BH7/BI7*100) -> 0 | BK7: =SUMIFS('17AugTo21Aug'!$L:$L, '17AugTo21Aug'!$J:$J, $A7) -> 2 | BL7: =SUMIFS('17AugTo21Aug'!$K:$K, '17AugTo21Aug'!$J:$J, $A7) -> 34 | BM7: =SUMIFS('17AugTo21Aug'!$O:$O, '17AugTo21Aug'!$J:$J, $A7) -> 7.29 | BN7: =SUMIFS('17AugTo21Aug'!$P:$P, '17AugTo21Aug'!$J:$J, $A7) -> 21.95 | BO7: =IF(BN7=0, 0, BM7/BN7*100) -> 33.211845 | BP7: =SUMIFS('10AugTo16Aug'!$L:$L, '10AugTo16Aug'!$J:$J, $A7) -> 0 | BQ7: =SUMIFS('10AugTo16Aug'!$K:$K, '10AugTo16Aug'!$J:$J, $A7) -> 0 | BR7: =SUMIFS('10AugTo16Aug'!$O:$O, '10AugTo16Aug'!$J:$J, $A7) -> 0 | BS7: =SUMIFS('10AugTo16Aug'!$P:$P, '10AugTo16Aug'!$J:$J, $A7) -> 0 | BT7: =IF(BS7=0, 0, BR7/BS7*100) -> 0 | BU7: =SUMIFS('3AugTo9Aug'!$L:$L, '3AugTo9Aug'!$J:$J, $A7) -> 8 | BV7: =SUMIFS('3AugTo9Aug'!$K:$K, '3AugTo9Aug'!$J:$J, $A7) -> 65 | BW7: =SUMIFS('3AugTo9Aug'!$O:$O, '3AugTo9Aug'!$J:$J, $A7) -> 24.17 | BX7: =SUMIFS('3AugTo9Aug'!$P:$P, '3AugTo9Aug'!$J:$J, $A7) -> 24.95 | BY7: =IF(BX7=0, 0, BW7/BX7*100) -> 96.873747 | BZ7: =SUMIFS('27JulyTo2Aug'!$L:$L, '27JulyTo2Aug'!$J:$J, $A7) -> 8 | CA7: =SUMIFS('27JulyTo2Aug'!$K:$K, '27JulyTo2Aug'!$J:$J, $A7) -> 25 | CB7: =SUMIFS('27JulyTo2Aug'!$O:$O, '27JulyTo2Aug'!$J:$J, $A7) -> 24.76 | CC7: =SUMIFS('27JulyTo2Aug'!$P:$P, '27JulyTo2Aug'!$J:$J, $A7) -> 99.8 | CD7: =IF(CC7=0, 0, CB7/CC7*100) -> 24.809619
A8: saffron ashwagandha supplements | B8: =IF( (E8+J8+O8+T8+Y8)=0, "NO TRAFFIC", IF( (F8+K8+P8+U8+Z8)=0, "CLICKS NO SALES", IF( ((E8+J8+O8+T8+Y8)/(F8+K8+P8+U8+Z8)*100)<=35, "WINNER", "HIGH ACOS" ) ) ) -> HIGH ACOS | C8: =SUMIFS('9NovTo15Nov'!$L:$L, '9NovTo15Nov'!$J:$J, $A8) -> 2 | D8: =SUMIFS('9NovTo15Nov'!$K:$K, '9NovTo15Nov'!$J:$J, $A8) -> 12 | E8: =SUMIFS('9NovTo15Nov'!$O:$O, '9NovTo15Nov'!$J:$J, $A8) -> 6.07 | F8: =SUMIFS('9NovTo15Nov'!$P:$P, '9NovTo15Nov'!$J:$J, $A8) -> 21.9 | G8: =IF(F8=0, 0, E8/F8*100) -> 27.716895 | H8: =SUMIFS('2NovTo8Nov'!$L:$L, '2NovTo8Nov'!$J:$J, $A8) -> 0 | I8: =SUMIFS('2NovTo8Nov'!$K:$K, '2NovTo8Nov'!$J:$J, $A8) -> 0 | J8: =SUMIFS('2NovTo8Nov'!$O:$O, '2NovTo8Nov'!$J:$J, $A8) -> 0 | K8: =SUMIFS('2NovTo8Nov'!$P:$P, '2NovTo8Nov'!$J:$J, $A8) -> 0 | L8: =IF(K8=0, 0, J8/K8*100) -> 0 | M8: =SUMIFS('26OctTo1Nov'!$L:$L, '26OctTo1Nov'!$J:$J, $A8) -> 7 | N8: =SUMIFS('26OctTo1Nov'!$K:$K, '26OctTo1Nov'!$J:$J, $A8) -> 48 | O8: =SUMIFS('26OctTo1Nov'!$O:$O, '26OctTo1Nov'!$J:$J, $A8) -> 26.3 | P8: =SUMIFS('26OctTo1Nov'!$P:$P, '26OctTo1Nov'!$J:$J, $A8) -> 21.9 | Q8: =IF(P8=0, 0, O8/P8*100) -> 120.09132 | R8: =SUMIFS('19OctTo25Oct'!$L:$L, '19OctTo25Oct'!$J:$J, $A8) -> 0 | S8: =SUMIFS('19OctTo25Oct'!$K:$K, '19OctTo25Oct'!$J:$J, $A8) -> 0 | T8: =SUMIFS('19OctTo25Oct'!$O:$O, '19OctTo25Oct'!$J:$J, $A8) -> 0 | U8: =SUMIFS('19OctTo25Oct'!$P:$P, '19OctTo25Oct'!$J:$J, $A8) -> 0 | V8: =IF(U8=0, 0, T8/U8*100) -> 0 | W8: =SUMIFS('12OctTo18Oct'!$L:$L, '12OctTo18Oct'!$J:$J, $A8) -> 0 | X8: =SUMIFS('12OctTo18Oct'!$K:$K, '12OctTo18Oct'!$J:$J, $A8) -> 0 | Y8: =SUMIFS('12OctTo18Oct'!$O:$O, '12OctTo18Oct'!$J:$J, $A8) -> 0 | Z8: =SUMIFS('12OctTo18Oct'!$P:$P, '12OctTo18Oct'!$J:$J, $A8) -> 0 | AA8: =IF(Z8=0, 0, Y8/Z8*100) -> 0 | AB8: =SUMIFS('5OctTo11Oct'!$L:$L, '5OctTo11Oct'!$J:$J, $A8) -> 0 | AC8: =SUMIFS('5OctTo11Oct'!$K:$K, '5OctTo11Oct'!$J:$J, $A8) -> 0 | AD8: =SUMIFS('5OctTo11Oct'!$O:$O, '5OctTo11Oct'!$J:$J, $A8) -> 0 | AE8: =SUMIFS('5OctTo11Oct'!$P:$P, '5OctTo11Oct'!$J:$J, $A8) -> 0 | AF8: =IF(AE8=0, 0, AD8/AE8*100) -> 0 | AG8: =SUMIFS('28SepTo4Oct'!$L:$L, '28SepTo4Oct'!$J:$J, $A8) -> 0 | AH8: =SUMIFS('28SepTo4Oct'!$K:$K, '28SepTo4Oct'!$J:$J, $A8) -> 0 | AI8: =SUMIFS('28SepTo4Oct'!$O:$O, '28SepTo4Oct'!$J:$J, $A8) -> 0 | AJ8: =SUMIFS('28SepTo4Oct'!$P:$P, '28SepTo4Oct'!$J:$J, $A8) -> 0 | AK8: =IF(AJ8=0, 0, AI8/AJ8*100) -> 0 | AL8: =SUMIFS('21SepTo27Sep'!$L:$L, '21SepTo27Sep'!$J:$J, $A8) -> 0 | AM8: =SUMIFS('21SepTo27Sep'!$K:$K, '21SepTo27Sep'!$J:$J, $A8) -> 0 | AN8: =SUMIFS('21SepTo27Sep'!$O:$O, '21SepTo27Sep'!$J:$J, $A8) -> 0 | AO8: =SUMIFS('21SepTo27Sep'!$P:$P, '21SepTo27Sep'!$J:$J, $A8) -> 0 | AP8: =IF(AO8=0, 0, AN8/AO8*100) -> 0 | AQ8: =SUMIFS('14SepTo20Sep'!$L:$L, '14SepTo20Sep'!$J:$J, $A8) -> 0 | AR8: =SUMIFS('14SepTo20Sep'!$K:$K, '14SepTo20Sep'!$J:$J, $A8) -> 0 | AS8: =SUMIFS('14SepTo20Sep'!$O:$O, '14SepTo20Sep'!$J:$J, $A8) -> 0 | AT8: =SUMIFS('14SepTo20Sep'!$P:$P, '14SepTo20Sep'!$J:$J, $A8) -> 0 | AU8: =IF(AT8=0, 0, AS8/AT8*100) -> 0 | AV8: =SUMIFS('7SepTo13Sep'!$L:$L, '7SepTo13Sep'!$J:$J, $A8) -> 2 | AW8: =SUMIFS('7SepTo13Sep'!$K:$K, '7SepTo13Sep'!$J:$J, $A8) -> 2 | AX8: =SUMIFS('7SepTo13Sep'!$O:$O, '7SepTo13Sep'!$J:$J, $A8) -> 7.58 | AY8: =SUMIFS('7SepTo13Sep'!$P:$P, '7SepTo13Sep'!$J:$J, $A8) -> 43.8 | AZ8: =IF(AY8=0, 0, AX8/AY8*100) -> 17.305936 | BA8: =SUMIFS('31AugTo6Sep'!$L:$L, '31AugTo6Sep'!$J:$J, $A8) -> 3 | BB8: =SUMIFS('31AugTo6Sep'!$K:$K, '31AugTo6Sep'!$J:$J, $A8) -> 10 | BC8: =SUMIFS('31AugTo6Sep'!$O:$O, '31AugTo6Sep'!$J:$J, $A8) -> 10.63 | BD8: =SUMIFS('31AugTo6Sep'!$P:$P, '31AugTo6Sep'!$J:$J, $A8) -> 21.9 | BE8: =IF(BD8=0, 0, BC8/BD8*100) -> 48.538813 | BF8: =SUMIFS('24AugTo29Aug'!$L:$L, '24AugTo29Aug'!$J:$J, $A8) -> 0 | BG8: =SUMIFS('24AugTo29Aug'!$K:$K, '24AugTo29Aug'!$J:$J, $A8) -> 0 | BH8: =SUMIFS('24AugTo29Aug'!$O:$O, '24AugTo29Aug'!$J:$J, $A8) -> 0 | BI8: =SUMIFS('24AugTo29Aug'!$P:$P, '24AugTo29Aug'!$J:$J, $A8) -> 0 | BJ8: =IF(BI8=0, 0, BH8/BI8*100) -> 0 | BK8: =SUMIFS('17AugTo21Aug'!$L:$L, '17AugTo21Aug'!$J:$J, $A8) -> 5 | BL8: =SUMIFS('17AugTo21Aug'!$K:$K, '17AugTo21Aug'!$J:$J, $A8) -> 20 | BM8: =SUMIFS('17AugTo21Aug'!$O:$O, '17AugTo21Aug'!$J:$J, $A8) -> 15.92 | BN8: =SUMIFS('17AugTo21Aug'!$P:$P, '17AugTo21Aug'!$J:$J, $A8) -> 43.9 | BO8: =IF(BN8=0, 0, BM8/BN8*100) -> 36.264237 | BP8: =SUMIFS('10AugTo16Aug'!$L:$L, '10AugTo16Aug'!$J:$J, $A8) -> 1 | BQ8: =SUMIFS('10AugTo16Aug'!$K:$K, '10AugTo16Aug'!$J:$J, $A8) -> 1 | BR8: =SUMIFS('10AugTo16Aug'!$O:$O, '10AugTo16Aug'!$J:$J, $A8) -> 2.45 | BS8: =SUMIFS('10AugTo16Aug'!$P:$P, '10AugTo16Aug'!$J:$J, $A8) -> 21.95 | BT8: =IF(BS8=0, 0, BR8/BS8*100) -> 11.161731 | BU8: =SUMIFS('3AugTo9Aug'!$L:$L, '3AugTo9Aug'!$J:$J, $A8) -> 2 | BV8: =SUMIFS('3AugTo9Aug'!$K:$K, '3AugTo9Aug'!$J:$J, $A8) -> 8 | BW8: =SUMIFS('3AugTo9Aug'!$O:$O, '3AugTo9Aug'!$J:$J, $A8) -> 6.77 | BX8: =SUMIFS('3AugTo9Aug'!$P:$P, '3AugTo9Aug'!$J:$J, $A8) -> 24.95 | BY8: =IF(BX8=0, 0, BW8/BX8*100) -> 27.134269 | BZ8: =SUMIFS('27JulyTo2Aug'!$L:$L, '27JulyTo2Aug'!$J:$J, $A8) -> 0 | CA8: =SUMIFS('27JulyTo2Aug'!$K:$K, '27JulyTo2Aug'!$J:$J, $A8) -> 0 | CB8: =SUMIFS('27JulyTo2Aug'!$O:$O, '27JulyTo2Aug'!$J:$J, $A8) -> 0 | CC8: =SUMIFS('27JulyTo2Aug'!$P:$P, '27JulyTo2Aug'!$J:$J, $A8) -> 0 | CD8: =IF(CC8=0, 0, CB8/CC8*100) -> 0
A9: maca root capsules for men | B9: =IF( (E9+J9+O9+T9+Y9)=0, "NO TRAFFIC", IF( (F9+K9+P9+U9+Z9)=0, "CLICKS NO SALES", IF( ((E9+J9+O9+T9+Y9)/(F9+K9+P9+U9+Z9)*100)<=35, "WINNER", "HIGH ACOS" ) ) ) -> HIGH ACOS | C9: =SUMIFS('9NovTo15Nov'!$L:$L, '9NovTo15Nov'!$J:$J, $A9) -> 3 | D9: =SUMIFS('9NovTo15Nov'!$K:$K, '9NovTo15Nov'!$J:$J, $A9) -> 1354 | E9: =SUMIFS('9NovTo15Nov'!$O:$O, '9NovTo15Nov'!$J:$J, $A9) -> 8.18 | F9: =SUMIFS('9NovTo15Nov'!$P:$P, '9NovTo15Nov'!$J:$J, $A9) -> 74.82 | G9: =IF(F9=0, 0, E9/F9*100) -> 10.932906 | H9: =SUMIFS('2NovTo8Nov'!$L:$L, '2NovTo8Nov'!$J:$J, $A9) -> 6 | I9: =SUMIFS('2NovTo8Nov'!$K:$K, '2NovTo8Nov'!$J:$J, $A9) -> 350 | J9: =SUMIFS('2NovTo8Nov'!$O:$O, '2NovTo8Nov'!$J:$J, $A9) -> 23.36 | K9: =SUMIFS('2NovTo8Nov'!$P:$P, '2NovTo8Nov'!$J:$J, $A9) -> 49.88 | L9: =IF(K9=0, 0, J9/K9*100) -> 46.832398 | M9: =SUMIFS('26OctTo1Nov'!$L:$L, '26OctTo1Nov'!$J:$J, $A9) -> 6 | N9: =SUMIFS('26OctTo1Nov'!$K:$K, '26OctTo1Nov'!$J:$J, $A9) -> 1809 | O9: =SUMIFS('26OctTo1Nov'!$O:$O, '26OctTo1Nov'!$J:$J, $A9) -> 16.2 | P9: =SUMIFS('26OctTo1Nov'!$P:$P, '26OctTo1Nov'!$J:$J, $A9) -> 24.94 | Q9: =IF(P9=0, 0, O9/P9*100) -> 64.955894 | R9: =SUMIFS('19OctTo25Oct'!$L:$L, '19OctTo25Oct'!$J:$J, $A9) -> 8 | S9: =SUMIFS('19OctTo25Oct'!$K:$K, '19OctTo25Oct'!$J:$J, $A9) -> 975 | T9: =SUMIFS('19OctTo25Oct'!$O:$O, '19OctTo25Oct'!$J:$J, $A9) -> 27.67 | U9: =SUMIFS('19OctTo25Oct'!$P:$P, '19OctTo25Oct'!$J:$J, $A9) -> 49.88 | V9: =IF(U9=0, 0, T9/U9*100) -> 55.473136 | W9: =SUMIFS('12OctTo18Oct'!$L:$L, '12OctTo18Oct'!$J:$J, $A9) -> 0 | X9: =SUMIFS('12OctTo18Oct'!$K:$K, '12OctTo18Oct'!$J:$J, $A9) -> 0 | Y9: =SUMIFS('12OctTo18Oct'!$O:$O, '12OctTo18Oct'!$J:$J, $A9) -> 0 | Z9: =SUMIFS('12OctTo18Oct'!$P:$P, '12OctTo18Oct'!$J:$J, $A9) -> 0 | AA9: =IF(Z9=0, 0, Y9/Z9*100) -> 0 | AB9: =SUMIFS('5OctTo11Oct'!$L:$L, '5OctTo11Oct'!$J:$J, $A9) -> 8 | AC9: =SUMIFS('5OctTo11Oct'!$K:$K, '5OctTo11Oct'!$J:$J, $A9) -> 1775 | AD9: =SUMIFS('5OctTo11Oct'!$O:$O, '5OctTo11Oct'!$J:$J, $A9) -> 22.56 | AE9: =SUMIFS('5OctTo11Oct'!$P:$P, '5OctTo11Oct'!$J:$J, $A9) -> 19.95 | AF9: =IF(AE9=0, 0, AD9/AE9*100) -> 113.08271 | AG9: =SUMIFS('28SepTo4Oct'!$L:$L, '28SepTo4Oct'!$J:$J, $A9) -> 0 | AH9: =SUMIFS('28SepTo4Oct'!$K:$K, '28SepTo4Oct'!$J:$J, $A9) -> 0 | AI9: =SUMIFS('28SepTo4Oct'!$O:$O, '28SepTo4Oct'!$J:$J, $A9) -> 0 | AJ9: =SUMIFS('28SepTo4Oct'!$P:$P, '28SepTo4Oct'!$J:$J, $A9) -> 0 | AK9: =IF(AJ9=0, 0, AI9/AJ9*100) -> 0 | AL9: =SUMIFS('21SepTo27Sep'!$L:$L, '21SepTo27Sep'!$J:$J, $A9) -> 6 | AM9: =SUMIFS('21SepTo27Sep'!$K:$K, '21SepTo27Sep'!$J:$J, $A9) -> 279 | AN9: =SUMIFS('21SepTo27Sep'!$O:$O, '21SepTo27Sep'!$J:$J, $A9) -> 26.77 | AO9: =SUMIFS('21SepTo27Sep'!$P:$P, '21SepTo27Sep'!$J:$J, $A9) -> 49.88 | AP9: =IF(AO9=0, 0, AN9/AO9*100) -> 53.668805 | AQ9: =SUMIFS('14SepTo20Sep'!$L:$L, '14SepTo20Sep'!$J:$J, $A9) -> 9 | AR9: =SUMIFS('14SepTo20Sep'!$K:$K, '14SepTo20Sep'!$J:$J, $A9) -> 633 | AS9: =SUMIFS('14SepTo20Sep'!$O:$O, '14SepTo20Sep'!$J:$J, $A9) -> 36.56 | AT9: =SUMIFS('14SepTo20Sep'!$P:$P, '14SepTo20Sep'!$J:$J, $A9) -> 24.94 | AU9: =IF(AT9=0, 0, AS9/AT9*100) -> 146.59182 | AV9: =SUMIFS('7SepTo13Sep'!$L:$L, '7SepTo13Sep'!$J:$J, $A9) -> 0 | AW9: =SUMIFS('7SepTo13Sep'!$K:$K, '7SepTo13Sep'!$J:$J, $A9) -> 0 | AX9: =SUMIFS('7SepTo13Sep'!$O:$O, '7SepTo13Sep'!$J:$J, $A9) -> 0 | AY9: =SUMIFS('7SepTo13Sep'!$P:$P, '7SepTo13Sep'!$J:$J, $A9) -> 0 | AZ9: =IF(AY9=0, 0, AX9/AY9*100) -> 0 | BA9: =SUMIFS('31AugTo6Sep'!$L:$L, '31AugTo6Sep'!$J:$J, $A9) -> 14 | BB9: =SUMIFS('31AugTo6Sep'!$K:$K, '31AugTo6Sep'!$J:$J, $A9) -> 1212 | BC9: =SUMIFS('31AugTo6Sep'!$O:$O, '31AugTo6Sep'!$J:$J, $A9) -> 52.6 | BD9: =SUMIFS('31AugTo6Sep'!$P:$P, '31AugTo6Sep'!$J:$J, $A9) -> 99.76 | BE9: =IF(BD9=0, 0, BC9/BD9*100) -> 52.726544 | BF9: =SUMIFS('24AugTo29Aug'!$L:$L, '24AugTo29Aug'!$J:$J, $A9) -> 14 | BG9: =SUMIFS('24AugTo29Aug'!$K:$K, '24AugTo29Aug'!$J:$J, $A9) -> 1849 | BH9: =SUMIFS('24AugTo29Aug'!$O:$O, '24AugTo29Aug'!$J:$J, $A9) -> 40 | BI9: =SUMIFS('24AugTo29Aug'!$P:$P, '24AugTo29Aug'!$J:$J, $A9) -> 24.94 | BJ9: =IF(BI9=0, 0, BH9/BI9*100) -> 160.38492 | BK9: =SUMIFS('17AugTo21Aug'!$L:$L, '17AugTo21Aug'!$J:$J, $A9) -> 10 | BL9: =SUMIFS('17AugTo21Aug'!$K:$K, '17AugTo21Aug'!$J:$J, $A9) -> 1090 | BM9: =SUMIFS('17AugTo21Aug'!$O:$O, '17AugTo21Aug'!$J:$J, $A9) -> 36.32 | BN9: =SUMIFS('17AugTo21Aug'!$P:$P, '17AugTo21Aug'!$J:$J, $A9) -> 124.7 | BO9: =IF(BN9=0, 0, BM9/BN9*100) -> 29.125902 | BP9: =SUMIFS('10AugTo16Aug'!$L:$L, '10AugTo16Aug'!$J:$J, $A9) -> 18 | BQ9: =SUMIFS('10AugTo16Aug'!$K:$K, '10AugTo16Aug'!$J:$J, $A9) -> 1819 | BR9: =SUMIFS('10AugTo16Aug'!$O:$O, '10AugTo16Aug'!$J:$J, $A9) -> 62.97 | BS9: =SUMIFS('10AugTo16Aug'!$P:$P, '10AugTo16Aug'!$J:$J, $A9) -> 144.76 | BT9: =IF(BS9=0, 0, BR9/BS9*100) -> 43.499586 | BU9: =SUMIFS('3AugTo9Aug'!$L:$L, '3AugTo9Aug'!$J:$J, $A9) -> 13 | BV9: =SUMIFS('3AugTo9Aug'!$K:$K, '3AugTo9Aug'!$J:$J, $A9) -> 2211 | BW9: =SUMIFS('3AugTo9Aug'!$O:$O, '3AugTo9Aug'!$J:$J, $A9) -> 38.21 | BX9: =SUMIFS('3AugTo9Aug'!$P:$P, '3AugTo9Aug'!$J:$J, $A9) -> 74.82 | BY9: =IF(BX9=0, 0, BW9/BX9*100) -> 51.069233 | BZ9: =SUMIFS('27JulyTo2Aug'!$L:$L, '27JulyTo2Aug'!$J:$J, $A9) -> 15 | CA9: =SUMIFS('27JulyTo2Aug'!$K:$K, '27JulyTo2Aug'!$J:$J, $A9) -> 1346 | CB9: =SUMIFS('27JulyTo2Aug'!$O:$O, '27JulyTo2Aug'!$J:$J, $A9) -> 47.85 | CC9: =SUMIFS('27JulyTo2Aug'!$P:$P, '27JulyTo2Aug'!$J:$J, $A9) -> 74.82 | CD9: =IF(CC9=0, 0, CB9/CC9*100) -> 63.953488
A10: maca root and ashwagandha | B10: =IF( (E10+J10+O10+T10+Y10)=0, "NO TRAFFIC", IF( (F10+K10+P10+U10+Z10)=0, "CLICKS NO SALES", IF( ((E10+J10+O10+T10+Y10)/(F10+K10+P10+U10+Z10)*100)<=35, "WINNER", "HIGH ACOS" ) ) ) -> WINNER | C10: =SUMIFS('9NovTo15Nov'!$L:$L, '9NovTo15Nov'!$J:$J, $A10) -> 2 | D10: =SUMIFS('9NovTo15Nov'!$K:$K, '9NovTo15Nov'!$J:$J, $A10) -> 17 | E10: =SUMIFS('9NovTo15Nov'!$O:$O, '9NovTo15Nov'!$J:$J, $A10) -> 5.35 | F10: =SUMIFS('9NovTo15Nov'!$P:$P, '9NovTo15Nov'!$J:$J, $A10) -> 24.94 | G10: =IF(F10=0, 0, E10/F10*100) -> 21.451484 | H10: =SUMIFS('2NovTo8Nov'!$L:$L, '2NovTo8Nov'!$J:$J, $A10) -> 5 | I10: =SUMIFS('2NovTo8Nov'!$K:$K, '2NovTo8Nov'!$J:$J, $A10) -> 66 | J10: =SUMIFS('2NovTo8Nov'!$O:$O, '2NovTo8Nov'!$J:$J, $A10) -> 14.93 | K10: =SUMIFS('2NovTo8Nov'!$P:$P, '2NovTo8Nov'!$J:$J, $A10) -> 24.94 | L10: =IF(K10=0, 0, J10/K10*100) -> 59.863673 | M10: =SUMIFS('26OctTo1Nov'!$L:$L, '26OctTo1Nov'!$J:$J, $A10) -> 6 | N10: =SUMIFS('26OctTo1Nov'!$K:$K, '26OctTo1Nov'!$J:$J, $A10) -> 58 | O10: =SUMIFS('26OctTo1Nov'!$O:$O, '26OctTo1Nov'!$J:$J, $A10) -> 21.81 | P10: =SUMIFS('26OctTo1Nov'!$P:$P, '26OctTo1Nov'!$J:$J, $A10) -> 74.82 | Q10: =IF(P10=0, 0, O10/P10*100) -> 29.14996 | R10: =SUMIFS('19OctTo25Oct'!$L:$L, '19OctTo25Oct'!$J:$J, $A10) -> 0 | S10: =SUMIFS('19OctTo25Oct'!$K:$K, '19OctTo25Oct'!$J:$J, $A10) -> 0 | T10: =SUMIFS('19OctTo25Oct'!$O:$O, '19OctTo25Oct'!$J:$J, $A10) -> 0 | U10: =SUMIFS('19OctTo25Oct'!$P:$P, '19OctTo25Oct'!$J:$J, $A10) -> 0 | V10: =IF(U10=0, 0, T10/U10*100) -> 0 | W10: =SUMIFS('12OctTo18Oct'!$L:$L, '12OctTo18Oct'!$J:$J, $A10) -> 0 | X10: =SUMIFS('12OctTo18Oct'!$K:$K, '12OctTo18Oct'!$J:$J, $A10) -> 0 | Y10: =SUMIFS('12OctTo18Oct'!$O:$O, '12OctTo18Oct'!$J:$J, $A10) -> 0 | Z10: =SUMIFS('12OctTo18Oct'!$P:$P, '12OctTo18Oct'!$J:$J, $A10) -> 0 | AA10: =IF(Z10=0, 0, Y10/Z10*100) -> 0 | AB10: =SUMIFS('5OctTo11Oct'!$L:$L, '5OctTo11Oct'!$J:$J, $A10) -> 0 | AC10: =SUMIFS('5OctTo11Oct'!$K:$K, '5OctTo11Oct'!$J:$J, $A10) -> 0 | AD10: =SUMIFS('5OctTo11Oct'!$O:$O, '5OctTo11Oct'!$J:$J, $A10) -> 0 | AE10: =SUMIFS('5OctTo11Oct'!$P:$P, '5OctTo11Oct'!$J:$J, $A10) -> 0 | AF10: =IF(AE10=0, 0, AD10/AE10*100) -> 0 | AG10: =SUMIFS('28SepTo4Oct'!$L:$L, '28SepTo4Oct'!$J:$J, $A10) -> 6 | AH10: =SUMIFS('28SepTo4Oct'!$K:$K, '28SepTo4Oct'!$J:$J, $A10) -> 184 | AI10: =SUMIFS('28SepTo4Oct'!$O:$O, '28SepTo4Oct'!$J:$J, $A10) -> 18.93 | AJ10: =SUMIFS('28SepTo4Oct'!$P:$P, '28SepTo4Oct'!$J:$J, $A10) -> 49.88 | AK10: =IF(AJ10=0, 0, AI10/AJ10*100) -> 37.951083 | AL10: =SUMIFS('21SepTo27Sep'!$L:$L, '21SepTo27Sep'!$J:$J, $A10) -> 7 | AM10: =SUMIFS('21SepTo27Sep'!$K:$K, '21SepTo27Sep'!$J:$J, $A10) -> 59 | AN10: =SUMIFS('21SepTo27Sep'!$O:$O, '21SepTo27Sep'!$J:$J, $A10) -> 21.49 | AO10: =SUMIFS('21SepTo27Sep'!$P:$P, '21SepTo27Sep'!$J:$J, $A10) -> 49.88 | AP10: =IF(AO10=0, 0, AN10/AO10*100) -> 43.0834 | AQ10: =SUMIFS('14SepTo20Sep'!$L:$L, '14SepTo20Sep'!$J:$J, $A10) -> 0 | AR10: =SUMIFS('14SepTo20Sep'!$K:$K, '14SepTo20Sep'!$J:$J, $A10) -> 0 | AS10: =SUMIFS('14SepTo20Sep'!$O:$O, '14SepTo20Sep'!$J:$J, $A10) -> 0 | AT10: =SUMIFS('14SepTo20Sep'!$P:$P, '14SepTo20Sep'!$J:$J, $A10) -> 0 | AU10: =IF(AT10=0, 0, AS10/AT10*100) -> 0 | AV10: =SUMIFS('7SepTo13Sep'!$L:$L, '7SepTo13Sep'!$J:$J, $A10) -> 0 | AW10: =SUMIFS('7SepTo13Sep'!$K:$K, '7SepTo13Sep'!$J:$J, $A10) -> 0 | AX10: =SUMIFS('7SepTo13Sep'!$O:$O, '7SepTo13Sep'!$J:$J, $A10) -> 0 | AY10: =SUMIFS('7SepTo13Sep'!$P:$P, '7SepTo13Sep'!$J:$J, $A10) -> 0 | AZ10: =IF(AY10=0, 0, AX10/AY10*100) -> 0 | BA10: =SUMIFS('31AugTo6Sep'!$L:$L, '31AugTo6Sep'!$J:$J, $A10) -> 3 | BB10: =SUMIFS('31AugTo6Sep'!$K:$K, '31AugTo6Sep'!$J:$J, $A10) -> 66 | BC10: =SUMIFS('31AugTo6Sep'!$O:$O, '31AugTo6Sep'!$J:$J, $A10) -> 10.05 | BD10: =SUMIFS('31AugTo6Sep'!$P:$P, '31AugTo6Sep'!$J:$J, $A10) -> 24.94 | BE10: =IF(BD10=0, 0, BC10/BD10*100) -> 40.296712 | BF10: =SUMIFS('24AugTo29Aug'!$L:$L, '24AugTo29Aug'!$J:$J, $A10) -> 0 | BG10: =SUMIFS('24AugTo29Aug'!$K:$K, '24AugTo29Aug'!$J:$J, $A10) -> 0 | BH10: =SUMIFS('24AugTo29Aug'!$O:$O, '24AugTo29Aug'!$J:$J, $A10) -> 0 | BI10: =SUMIFS('24AugTo29Aug'!$P:$P, '24AugTo29Aug'!$J:$J, $A10) -> 0 | BJ10: =IF(BI10=0, 0, BH10/BI10*100) -> 0 | BK10: =SUMIFS('17AugTo21Aug'!$L:$L, '17AugTo21Aug'!$J:$J, $A10) -> 2 | BL10: =SUMIFS('17AugTo21Aug'!$K:$K, '17AugTo21Aug'!$J:$J, $A10) -> 12 | BM10: =SUMIFS('17AugTo21Aug'!$O:$O, '17AugTo21Aug'!$J:$J, $A10) -> 6.54 | BN10: =SUMIFS('17AugTo21Aug'!$P:$P, '17AugTo21Aug'!$J:$J, $A10) -> 24.94 | BO10: =IF(BN10=0, 0, BM10/BN10*100) -> 26.222935 | BP10: =SUMIFS('10AugTo16Aug'!$L:$L, '10AugTo16Aug'!$J:$J, $A10) -> 0 | BQ10: =SUMIFS('10AugTo16Aug'!$K:$K, '10AugTo16Aug'!$J:$J, $A10) -> 0 | BR10: =SUMIFS('10AugTo16Aug'!$O:$O, '10AugTo16Aug'!$J:$J, $A10) -> 0 | BS10: =SUMIFS('10AugTo16Aug'!$P:$P, '10AugTo16Aug'!$J:$J, $A10) -> 0 | BT10: =IF(BS10=0, 0, BR10/BS10*100) -> 0 | BU10: =SUMIFS('3AugTo9Aug'!$L:$L, '3AugTo9Aug'!$J:$J, $A10) -> 6 | BV10: =SUMIFS('3AugTo9Aug'!$K:$K, '3AugTo9Aug'!$J:$J, $A10) -> 39 | BW10: =SUMIFS('3AugTo9Aug'!$O:$O, '3AugTo9Aug'!$J:$J, $A10) -> 19.83 | BX10: =SUMIFS('3AugTo9Aug'!$P:$P, '3AugTo9Aug'!$J:$J, $A10) -> 24.94 | BY10: =IF(BX10=0, 0, BW10/BX10*100) -> 79.510826 | BZ10: =SUMIFS('27JulyTo2Aug'!$L:$L, '27JulyTo2Aug'!$J:$J, $A10) -> 7 | CA10: =SUMIFS('27JulyTo2Aug'!$K:$K, '27JulyTo2Aug'!$J:$J, $A10) -> 32 | CB10: =SUMIFS('27JulyTo2Aug'!$O:$O, '27JulyTo2Aug'!$J:$J, $A10) -> 23.35 | CC10: =SUMIFS('27JulyTo2Aug'!$P:$P, '27JulyTo2Aug'!$J:$J, $A10) -> 74.82 | CD10: =IF(CC10=0, 0, CB10/CC10*100) -> 31.208233
A11: saffron ashwagandha | B11: =IF( (E11+J11+O11+T11+Y11)=0, "NO TRAFFIC", IF( (F11+K11+P11+U11+Z11)=0, "CLICKS NO SALES", IF( ((E11+J11+O11+T11+Y11)/(F11+K11+P11+U11+Z11)*100)<=35, "WINNER", "HIGH ACOS" ) ) ) -> HIGH ACOS | C11: =SUMIFS('9NovTo15Nov'!$L:$L, '9NovTo15Nov'!$J:$J, $A11) -> 4 | D11: =SUMIFS('9NovTo15Nov'!$K:$K, '9NovTo15Nov'!$J:$J, $A11) -> 37 | E11: =SUMIFS('9NovTo15Nov'!$O:$O, '9NovTo15Nov'!$J:$J, $A11) -> 18.14 | F11: =SUMIFS('9NovTo15Nov'!$P:$P, '9NovTo15Nov'!$J:$J, $A11) -> 21.9 | G11: =IF(F11=0, 0, E11/F11*100) -> 82.83105 | H11: =SUMIFS('2NovTo8Nov'!$L:$L, '2NovTo8Nov'!$J:$J, $A11) -> 0 | I11: =SUMIFS('2NovTo8Nov'!$K:$K, '2NovTo8Nov'!$J:$J, $A11) -> 0 | J11: =SUMIFS('2NovTo8Nov'!$O:$O, '2NovTo8Nov'!$J:$J, $A11) -> 0 | K11: =SUMIFS('2NovTo8Nov'!$P:$P, '2NovTo8Nov'!$J:$J, $A11) -> 0 | L11: =IF(K11=0, 0, J11/K11*100) -> 0 | M11: =SUMIFS('26OctTo1Nov'!$L:$L, '26OctTo1Nov'!$J:$J, $A11) -> 5 | N11: =SUMIFS('26OctTo1Nov'!$K:$K, '26OctTo1Nov'!$J:$J, $A11) -> 62 | O11: =SUMIFS('26OctTo1Nov'!$O:$O, '26OctTo1Nov'!$J:$J, $A11) -> 22.12 | P11: =SUMIFS('26OctTo1Nov'!$P:$P, '26OctTo1Nov'!$J:$J, $A11) -> 21.9 | Q11: =IF(P11=0, 0, O11/P11*100) -> 101.00457 | R11: =SUMIFS('19OctTo25Oct'!$L:$L, '19OctTo25Oct'!$J:$J, $A11) -> 0 | S11: =SUMIFS('19OctTo25Oct'!$K:$K, '19OctTo25Oct'!$J:$J, $A11) -> 0 | T11: =SUMIFS('19OctTo25Oct'!$O:$O, '19OctTo25Oct'!$J:$J, $A11) -> 0 | U11: =SUMIFS('19OctTo25Oct'!$P:$P, '19OctTo25Oct'!$J:$J, $A11) -> 0 | V11: =IF(U11=0, 0, T11/U11*100) -> 0 | W11: =SUMIFS('12OctTo18Oct'!$L:$L, '12OctTo18Oct'!$J:$J, $A11) -> 0 | X11: =SUMIFS('12OctTo18Oct'!$K:$K, '12OctTo18Oct'!$J:$J, $A11) -> 0 | Y11: =SUMIFS('12OctTo18Oct'!$O:$O, '12OctTo18Oct'!$J:$J, $A11) -> 0 | Z11: =SUMIFS('12OctTo18Oct'!$P:$P, '12OctTo18Oct'!$J:$J, $A11) -> 0 | AA11: =IF(Z11=0, 0, Y11/Z11*100) -> 0 | AB11: =SUMIFS('5OctTo11Oct'!$L:$L, '5OctTo11Oct'!$J:$J, $A11) -> 2 | AC11: =SUMIFS('5OctTo11Oct'!$K:$K, '5OctTo11Oct'!$J:$J, $A11) -> 31 | AD11: =SUMIFS('5OctTo11Oct'!$O:$O, '5OctTo11Oct'!$J:$J, $A11) -> 8.98 | AE11: =SUMIFS('5OctTo11Oct'!$P:$P, '5OctTo11Oct'!$J:$J, $A11) -> 21.9 | AF11: =IF(AE11=0, 0, AD11/AE11*100) -> 41.004566 | AG11: =SUMIFS('28SepTo4Oct'!$L:$L, '28SepTo4Oct'!$J:$J, $A11) -> 0 | AH11: =SUMIFS('28SepTo4Oct'!$K:$K, '28SepTo4Oct'!$J:$J, $A11) -> 0 | AI11: =SUMIFS('28SepTo4Oct'!$O:$O, '28SepTo4Oct'!$J:$J, $A11) -> 0 | AJ11: =SUMIFS('28SepTo4Oct'!$P:$P, '28SepTo4Oct'!$J:$J, $A11) -> 0 | AK11: =IF(AJ11=0, 0, AI11/AJ11*100) -> 0 | AL11: =SUMIFS('21SepTo27Sep'!$L:$L, '21SepTo27Sep'!$J:$J, $A11) -> 0 | AM11: =SUMIFS('21SepTo27Sep'!$K:$K, '21SepTo27Sep'!$J:$J, $A11) -> 0 | AN11: =SUMIFS('21SepTo27Sep'!$O:$O, '21SepTo27Sep'!$J:$J, $A11) -> 0 | AO11: =SUMIFS('21SepTo27Sep'!$P:$P, '21SepTo27Sep'!$J:$J, $A11) -> 0 | AP11: =IF(AO11=0, 0, AN11/AO11*100) -> 0 | AQ11: =SUMIFS('14SepTo20Sep'!$L:$L, '14SepTo20Sep'!$J:$J, $A11) -> 4 | AR11: =SUMIFS('14SepTo20Sep'!$K:$K, '14SepTo20Sep'!$J:$J, $A11) -> 34 | AS11: =SUMIFS('14SepTo20Sep'!$O:$O, '14SepTo20Sep'!$J:$J, $A11) -> 16.25 | AT11: =SUMIFS('14SepTo20Sep'!$P:$P, '14SepTo20Sep'!$J:$J, $A11) -> 43.8 | AU11: =IF(AT11=0, 0, AS11/AT11*100) -> 37.100457 | AV11: =SUMIFS('7SepTo13Sep'!$L:$L, '7SepTo13Sep'!$J:$J, $A11) -> 0 | AW11: =SUMIFS('7SepTo13Sep'!$K:$K, '7SepTo13Sep'!$J:$J, $A11) -> 0 | AX11: =SUMIFS('7SepTo13Sep'!$O:$O, '7SepTo13Sep'!$J:$J, $A11) -> 0 | AY11: =SUMIFS('7SepTo13Sep'!$P:$P, '7SepTo13Sep'!$J:$J, $A11) -> 0 | AZ11: =IF(AY11=0, 0, AX11/AY11*100) -> 0 | BA11: =SUMIFS('31AugTo6Sep'!$L:$L, '31AugTo6Sep'!$J:$J, $A11) -> 4 | BB11: =SUMIFS('31AugTo6Sep'!$K:$K, '31AugTo6Sep'!$J:$J, $A11) -> 15 | BC11: =SUMIFS('31AugTo6Sep'!$O:$O, '31AugTo6Sep'!$J:$J, $A11) -> 11.38 | BD11: =SUMIFS('31AugTo6Sep'!$P:$P, '31AugTo6Sep'!$J:$J, $A11) -> 43.8 | BE11: =IF(BD11=0, 0, BC11/BD11*100) -> 25.981735 | BF11: =SUMIFS('24AugTo29Aug'!$L:$L, '24AugTo29Aug'!$J:$J, $A11) -> 5 | BG11: =SUMIFS('24AugTo29Aug'!$K:$K, '24AugTo29Aug'!$J:$J, $A11) -> 48 | BH11: =SUMIFS('24AugTo29Aug'!$O:$O, '24AugTo29Aug'!$J:$J, $A11) -> 16.4 | BI11: =SUMIFS('24AugTo29Aug'!$P:$P, '24AugTo29Aug'!$J:$J, $A11) -> 21.9 | BJ11: =IF(BI11=0, 0, BH11/BI11*100) -> 74.885845 | BK11: =SUMIFS('17AugTo21Aug'!$L:$L, '17AugTo21Aug'!$J:$J, $A11) -> 0 | BL11: =SUMIFS('17AugTo21Aug'!$K:$K, '17AugTo21Aug'!$J:$J, $A11) -> 0 | BM11: =SUMIFS('17AugTo21Aug'!$O:$O, '17AugTo21Aug'!$J:$J, $A11) -> 0 | BN11: =SUMIFS('17AugTo21Aug'!$P:$P, '17AugTo21Aug'!$J:$J, $A11) -> 0 | BO11: =IF(BN11=0, 0, BM11/BN11*100) -> 0 | BP11: =SUMIFS('10AugTo16Aug'!$L:$L, '10AugTo16Aug'!$J:$J, $A11) -> 2 | BQ11: =SUMIFS('10AugTo16Aug'!$K:$K, '10AugTo16Aug'!$J:$J, $A11) -> 20 | BR11: =SUMIFS('10AugTo16Aug'!$O:$O, '10AugTo16Aug'!$J:$J, $A11) -> 6.52 | BS11: =SUMIFS('10AugTo16Aug'!$P:$P, '10AugTo16Aug'!$J:$J, $A11) -> 21.95 | BT11: =IF(BS11=0, 0, BR11/BS11*100) -> 29.703872 | BU11: =SUMIFS('3AugTo9Aug'!$L:$L, '3AugTo9Aug'!$J:$J, $A11) -> 3 | BV11: =SUMIFS('3AugTo9Aug'!$K:$K, '3AugTo9Aug'!$J:$J, $A11) -> 16 | BW11: =SUMIFS('3AugTo9Aug'!$O:$O, '3AugTo9Aug'!$J:$J, $A11) -> 9.69 | BX11: =SUMIFS('3AugTo9Aug'!$P:$P, '3AugTo9Aug'!$J:$J, $A11) -> 65.85 | BY11: =IF(BX11=0, 0, BW11/BX11*100) -> 14.715262 | BZ11: =SUMIFS('27JulyTo2Aug'!$L:$L, '27JulyTo2Aug'!$J:$J, $A11) -> 0 | CA11: =SUMIFS('27JulyTo2Aug'!$K:$K, '27JulyTo2Aug'!$J:$J, $A11) -> 0 | CB11: =SUMIFS('27JulyTo2Aug'!$O:$O, '27JulyTo2Aug'!$J:$J, $A11) -> 0 | CC11: =SUMIFS('27JulyTo2Aug'!$P:$P, '27JulyTo2Aug'!$J:$J, $A11) -> 0 | CD11: =IF(CC11=0, 0, CB11/CC11*100) -> 0
A12: maca | B12: =IF( (E12+J12+O12+T12+Y12)=0, "NO TRAFFIC", IF( (F12+K12+P12+U12+Z12)=0, "CLICKS NO SALES", IF( ((E12+J12+O12+T12+Y12)/(F12+K12+P12+U12+Z12)*100)<=35, "WINNER", "HIGH ACOS" ) ) ) -> WINNER | C12: =SUMIFS('9NovTo15Nov'!$L:$L, '9NovTo15Nov'!$J:$J, $A12) -> 0 | D12: =SUMIFS('9NovTo15Nov'!$K:$K, '9NovTo15Nov'!$J:$J, $A12) -> 0 | E12: =SUMIFS('9NovTo15Nov'!$O:$O, '9NovTo15Nov'!$J:$J, $A12) -> 0 | F12: =SUMIFS('9NovTo15Nov'!$P:$P, '9NovTo15Nov'!$J:$J, $A12) -> 0 | G12: =IF(F12=0, 0, E12/F12*100) -> 0 | H12: =SUMIFS('2NovTo8Nov'!$L:$L, '2NovTo8Nov'!$J:$J, $A12) -> 3 | I12: =SUMIFS('2NovTo8Nov'!$K:$K, '2NovTo8Nov'!$J:$J, $A12) -> 185 | J12: =SUMIFS('2NovTo8Nov'!$O:$O, '2NovTo8Nov'!$J:$J, $A12) -> 2.48 | K12: =SUMIFS('2NovTo8Nov'!$P:$P, '2NovTo8Nov'!$J:$J, $A12) -> 49.88 | L12: =IF(K12=0, 0, J12/K12*100) -> 4.9719326 | M12: =SUMIFS('26OctTo1Nov'!$L:$L, '26OctTo1Nov'!$J:$J, $A12) -> 4 | N12: =SUMIFS('26OctTo1Nov'!$K:$K, '26OctTo1Nov'!$J:$J, $A12) -> 232 | O12: =SUMIFS('26OctTo1Nov'!$O:$O, '26OctTo1Nov'!$J:$J, $A12) -> 3.08 | P12: =SUMIFS('26OctTo1Nov'!$P:$P, '26OctTo1Nov'!$J:$J, $A12) -> 49.88 | Q12: =IF(P12=0, 0, O12/P12*100) -> 6.1748196 | R12: =SUMIFS('19OctTo25Oct'!$L:$L, '19OctTo25Oct'!$J:$J, $A12) -> 0 | S12: =SUMIFS('19OctTo25Oct'!$K:$K, '19OctTo25Oct'!$J:$J, $A12) -> 0 | T12: =SUMIFS('19OctTo25Oct'!$O:$O, '19OctTo25Oct'!$J:$J, $A12) -> 0 | U12: =SUMIFS('19OctTo25Oct'!$P:$P, '19OctTo25Oct'!$J:$J, $A12) -> 0 | V12: =IF(U12=0, 0, T12/U12*100) -> 0 | W12: =SUMIFS('12OctTo18Oct'!$L:$L, '12OctTo18Oct'!$J:$J, $A12) -> 0 | X12: =SUMIFS('12OctTo18Oct'!$K:$K, '12OctTo18Oct'!$J:$J, $A12) -> 0 | Y12: =SUMIFS('12OctTo18Oct'!$O:$O, '12OctTo18Oct'!$J:$J, $A12) -> 0 | Z12: =SUMIFS('12OctTo18Oct'!$P:$P, '12OctTo18Oct'!$J:$J, $A12) -> 0 | AA12: =IF(Z12=0, 0, Y12/Z12*100) -> 0 | AB12: =SUMIFS('5OctTo11Oct'!$L:$L, '5OctTo11Oct'!$J:$J, $A12) -> 0 | AC12: =SUMIFS('5OctTo11Oct'!$K:$K, '5OctTo11Oct'!$J:$J, $A12) -> 0 | AD12: =SUMIFS('5OctTo11Oct'!$O:$O, '5OctTo11Oct'!$J:$J, $A12) -> 0 | AE12: =SUMIFS('5OctTo11Oct'!$P:$P, '5OctTo11Oct'!$J:$J, $A12) -> 0 | AF12: =IF(AE12=0, 0, AD12/AE12*100) -> 0 | AG12: =SUMIFS('28SepTo4Oct'!$L:$L, '28SepTo4Oct'!$J:$J, $A12) -> 3 | AH12: =SUMIFS('28SepTo4Oct'!$K:$K, '28SepTo4Oct'!$J:$J, $A12) -> 132 | AI12: =SUMIFS('28SepTo4Oct'!$O:$O, '28SepTo4Oct'!$J:$J, $A12) -> 1.47 | AJ12: =SUMIFS('28SepTo4Oct'!$P:$P, '28SepTo4Oct'!$J:$J, $A12) -> 24.94 | AK12: =IF(AJ12=0, 0, AI12/AJ12*100) -> 5.894146 | AL12: =SUMIFS('21SepTo27Sep'!$L:$L, '21SepTo27Sep'!$J:$J, $A12) -> 4 | AM12: =SUMIFS('21SepTo27Sep'!$K:$K, '21SepTo27Sep'!$J:$J, $A12) -> 43 | AN12: =SUMIFS('21SepTo27Sep'!$O:$O, '21SepTo27Sep'!$J:$J, $A12) -> 4.88 | AO12: =SUMIFS('21SepTo27Sep'!$P:$P, '21SepTo27Sep'!$J:$J, $A12) -> 24.94 | AP12: =IF(AO12=0, 0, AN12/AO12*100) -> 19.566961 | AQ12: =SUMIFS('14SepTo20Sep'!$L:$L, '14SepTo20Sep'!$J:$J, $A12) -> 3 | AR12: =SUMIFS('14SepTo20Sep'!$K:$K, '14SepTo20Sep'!$J:$J, $A12) -> 393 | AS12: =SUMIFS('14SepTo20Sep'!$O:$O, '14SepTo20Sep'!$J:$J, $A12) -> 0.23 | AT12: =SUMIFS('14SepTo20Sep'!$P:$P, '14SepTo20Sep'!$J:$J, $A12) -> 24.94 | AU12: =IF(AT12=0, 0, AS12/AT12*100) -> 0.92221331 | AV12: =SUMIFS('7SepTo13Sep'!$L:$L, '7SepTo13Sep'!$J:$J, $A12) -> 0 | AW12: =SUMIFS('7SepTo13Sep'!$K:$K, '7SepTo13Sep'!$J:$J, $A12) -> 0 | AX12: =SUMIFS('7SepTo13Sep'!$O:$O, '7SepTo13Sep'!$J:$J, $A12) -> 0 | AY12: =SUMIFS('7SepTo13Sep'!$P:$P, '7SepTo13Sep'!$J:$J, $A12) -> 0 | AZ12: =IF(AY12=0, 0, AX12/AY12*100) -> 0 | BA12: =SUMIFS('31AugTo6Sep'!$L:$L, '31AugTo6Sep'!$J:$J, $A12) -> 0 | BB12: =SUMIFS('31AugTo6Sep'!$K:$K, '31AugTo6Sep'!$J:$J, $A12) -> 0 | BC12: =SUMIFS('31AugTo6Sep'!$O:$O, '31AugTo6Sep'!$J:$J, $A12) -> 0 | BD12: =SUMIFS('31AugTo6Sep'!$P:$P, '31AugTo6Sep'!$J:$J, $A12) -> 0 | BE12: =IF(BD12=0, 0, BC12/BD12*100) -> 0 | BF12: =SUMIFS('24AugTo29Aug'!$L:$L, '24AugTo29Aug'!$J:$J, $A12) -> 0 | BG12: =SUMIFS('24AugTo29Aug'!$K:$K, '24AugTo29Aug'!$J:$J, $A12) -> 0 | BH12: =SUMIFS('24AugTo29Aug'!$O:$O, '24AugTo29Aug'!$J:$J, $A12) -> 0 | BI12: =SUMIFS('24AugTo29Aug'!$P:$P, '24AugTo29Aug'!$J:$J, $A12) -> 0 | BJ12: =IF(BI12=0, 0, BH12/BI12*100) -> 0 | BK12: =SUMIFS('17AugTo21Aug'!$L:$L, '17AugTo21Aug'!$J:$J, $A12) -> 0 | BL12: =SUMIFS('17AugTo21Aug'!$K:$K, '17AugTo21Aug'!$J:$J, $A12) -> 0 | BM12: =SUMIFS('17AugTo21Aug'!$O:$O, '17AugTo21Aug'!$J:$J, $A12) -> 0 | BN12: =SUMIFS('17AugTo21Aug'!$P:$P, '17AugTo21Aug'!$J:$J, $A12) -> 0 | BO12: =IF(BN12=0, 0, BM12/BN12*100) -> 0 | BP12: =SUMIFS('10AugTo16Aug'!$L:$L, '10AugTo16Aug'!$J:$J, $A12) -> 6 | BQ12: =SUMIFS('10AugTo16Aug'!$K:$K, '10AugTo16Aug'!$J:$J, $A12) -> 275 | BR12: =SUMIFS('10AugTo16Aug'!$O:$O, '10AugTo16Aug'!$J:$J, $A12) -> 4.14 | BS12: =SUMIFS('10AugTo16Aug'!$P:$P, '10AugTo16Aug'!$J:$J, $A12) -> 49.88 | BT12: =IF(BS12=0, 0, BR12/BS12*100) -> 8.2999198 | BU12: =SUMIFS('3AugTo9Aug'!$L:$L, '3AugTo9Aug'!$J:$J, $A12) -> 0 | BV12: =SUMIFS('3AugTo9Aug'!$K:$K, '3AugTo9Aug'!$J:$J, $A12) -> 0 | BW12: =SUMIFS('3AugTo9Aug'!$O:$O, '3AugTo9Aug'!$J:$J, $A12) -> 0 | BX12: 448.92 | BY12: =IF(BX12=0, 0, BW12/BX12*100) -> 0 | BZ12: =SUMIFS('27JulyTo2Aug'!$L:$L, '27JulyTo2Aug'!$J:$J, $A12) -> 0 | CA12: =SUMIFS('27JulyTo2Aug'!$K:$K, '27JulyTo2Aug'!$J:$J, $A12) -> 0 | CB12: =SUMIFS('27JulyTo2Aug'!$O:$O, '27JulyTo2Aug'!$J:$J, $A12) -> 0 | CC12: =SUMIFS('27JulyTo2Aug'!$P:$P, '27JulyTo2Aug'!$J:$J, $A12) -> 0 | CD12: =IF(CC12=0, 0, CB12/CC12*100) -> 0
A13: maca capsules for men | B13: =IF( (E13+J13+O13+T13+Y13)=0, "NO TRAFFIC", IF( (F13+K13+P13+U13+Z13)=0, "CLICKS NO SALES", IF( ((E13+J13+O13+T13+Y13)/(F13+K13+P13+U13+Z13)*100)<=35, "WINNER", "HIGH ACOS" ) ) ) -> WINNER | C13: =SUMIFS('9NovTo15Nov'!$L:$L, '9NovTo15Nov'!$J:$J, $A13) -> 2 | D13: =SUMIFS('9NovTo15Nov'!$K:$K, '9NovTo15Nov'!$J:$J, $A13) -> 16 | E13: =SUMIFS('9NovTo15Nov'!$O:$O, '9NovTo15Nov'!$J:$J, $A13) -> 6.38 | F13: =SUMIFS('9NovTo15Nov'!$P:$P, '9NovTo15Nov'!$J:$J, $A13) -> 24.94 | G13: =IF(F13=0, 0, E13/F13*100) -> 25.581395 | H13: =SUMIFS('2NovTo8Nov'!$L:$L, '2NovTo8Nov'!$J:$J, $A13) -> 0 | I13: =SUMIFS('2NovTo8Nov'!$K:$K, '2NovTo8Nov'!$J:$J, $A13) -> 0 | J13: =SUMIFS('2NovTo8Nov'!$O:$O, '2NovTo8Nov'!$J:$J, $A13) -> 0 | K13: =SUMIFS('2NovTo8Nov'!$P:$P, '2NovTo8Nov'!$J:$J, $A13) -> 0 | L13: =IF(K13=0, 0, J13/K13*100) -> 0 | M13: =SUMIFS('26OctTo1Nov'!$L:$L, '26OctTo1Nov'!$J:$J, $A13) -> 3 | N13: =SUMIFS('26OctTo1Nov'!$K:$K, '26OctTo1Nov'!$J:$J, $A13) -> 55 | O13: =SUMIFS('26OctTo1Nov'!$O:$O, '26OctTo1Nov'!$J:$J, $A13) -> 11.19 | P13: =SUMIFS('26OctTo1Nov'!$P:$P, '26OctTo1Nov'!$J:$J, $A13) -> 49.88 | Q13: =IF(P13=0, 0, O13/P13*100) -> 22.433841 | R13: =SUMIFS('19OctTo25Oct'!$L:$L, '19OctTo25Oct'!$J:$J, $A13) -> 0 | S13: =SUMIFS('19OctTo25Oct'!$K:$K, '19OctTo25Oct'!$J:$J, $A13) -> 0 | T13: =SUMIFS('19OctTo25Oct'!$O:$O, '19OctTo25Oct'!$J:$J, $A13) -> 0 | U13: =SUMIFS('19OctTo25Oct'!$P:$P, '19OctTo25Oct'!$J:$J, $A13) -> 0 | V13: =IF(U13=0, 0, T13/U13*100) -> 0 | W13: =SUMIFS('12OctTo18Oct'!$L:$L, '12OctTo18Oct'!$J:$J, $A13) -> 0 | X13: =SUMIFS('12OctTo18Oct'!$K:$K, '12OctTo18Oct'!$J:$J, $A13) -> 0 | Y13: =SUMIFS('12OctTo18Oct'!$O:$O, '12OctTo18Oct'!$J:$J, $A13) -> 0 | Z13: =SUMIFS('12OctTo18Oct'!$P:$P, '12OctTo18Oct'!$J:$J, $A13) -> 0 | AA13: =IF(Z13=0, 0, Y13/Z13*100) -> 0 | AB13: =SUMIFS('5OctTo11Oct'!$L:$L, '5OctTo11Oct'!$J:$J, $A13) -> 0 | AC13: =SUMIFS('5OctTo11Oct'!$K:$K, '5OctTo11Oct'!$J:$J, $A13) -> 0 | AD13: =SUMIFS('5OctTo11Oct'!$O:$O, '5OctTo11Oct'!$J:$J, $A13) -> 0 | AE13: =SUMIFS('5OctTo11Oct'!$P:$P, '5OctTo11Oct'!$J:$J, $A13) -> 0 | AF13: =IF(AE13=0, 0, AD13/AE13*100) -> 0 | AG13: =SUMIFS('28SepTo4Oct'!$L:$L, '28SepTo4Oct'!$J:$J, $A13) -> 0 | AH13: =SUMIFS('28SepTo4Oct'!$K:$K, '28SepTo4Oct'!$J:$J, $A13) -> 0 | AI13: =SUMIFS('28SepTo4Oct'!$O:$O, '28SepTo4Oct'!$J:$J, $A13) -> 0 | AJ13: =SUMIFS('28SepTo4Oct'!$P:$P, '28SepTo4Oct'!$J:$J, $A13) -> 0 | AK13: =IF(AJ13=0, 0, AI13/AJ13*100) -> 0 | AL13: =SUMIFS('21SepTo27Sep'!$L:$L, '21SepTo27Sep'!$J:$J, $A13) -> 0 | AM13: =SUMIFS('21SepTo27Sep'!$K:$K, '21SepTo27Sep'!$J:$J, $A13) -> 0 | AN13: =SUMIFS('21SepTo27Sep'!$O:$O, '21SepTo27Sep'!$J:$J, $A13) -> 0 | AO13: =SUMIFS('21SepTo27Sep'!$P:$P, '21SepTo27Sep'!$J:$J, $A13) -> 0 | AP13: =IF(AO13=0, 0, AN13/AO13*100) -> 0 | AQ13: =SUMIFS('14SepTo20Sep'!$L:$L, '14SepTo20Sep'!$J:$J, $A13) -> 0 | AR13: =SUMIFS('14SepTo20Sep'!$K:$K, '14SepTo20Sep'!$J:$J, $A13) -> 0 | AS13: =SUMIFS('14SepTo20Sep'!$O:$O, '14SepTo20Sep'!$J:$J, $A13) -> 0 | AT13: =SUMIFS('14SepTo20Sep'!$P:$P, '14SepTo20Sep'!$J:$J, $A13) -> 0 | AU13: =IF(AT13=0, 0, AS13/AT13*100) -> 0 | AV13: =SUMIFS('7SepTo13Sep'!$L:$L, '7SepTo13Sep'!$J:$J, $A13) -> 0 | AW13: =SUMIFS('7SepTo13Sep'!$K:$K, '7SepTo13Sep'!$J:$J, $A13) -> 0 | AX13: =SUMIFS('7SepTo13Sep'!$O:$O, '7SepTo13Sep'!$J:$J, $A13) -> 0 | AY13: =SUMIFS('7SepTo13Sep'!$P:$P, '7SepTo13Sep'!$J:$J, $A13) -> 0 | AZ13: =IF(AY13=0, 0, AX13/AY13*100) -> 0 | BA13: =SUMIFS('31AugTo6Sep'!$L:$L, '31AugTo6Sep'!$J:$J, $A13) -> 0 | BB13: =SUMIFS('31AugTo6Sep'!$K:$K, '31AugTo6Sep'!$J:$J, $A13) -> 0 | BC13: =SUMIFS('31AugTo6Sep'!$O:$O, '31AugTo6Sep'!$J:$J, $A13) -> 0 | BD13: =SUMIFS('31AugTo6Sep'!$P:$P, '31AugTo6Sep'!$J:$J, $A13) -> 0 | BE13: =IF(BD13=0, 0, BC13/BD13*100) -> 0 | BF13: =SUMIFS('24AugTo29Aug'!$L:$L, '24AugTo29Aug'!$J:$J, $A13) -> 0 | BG13: =SUMIFS('24AugTo29Aug'!$K:$K, '24AugTo29Aug'!$J:$J, $A13) -> 0 | BH13: =SUMIFS('24AugTo29Aug'!$O:$O, '24AugTo29Aug'!$J:$J, $A13) -> 0 | BI13: =SUMIFS('24AugTo29Aug'!$P:$P, '24AugTo29Aug'!$J:$J, $A13) -> 0 | BJ13: =IF(BI13=0, 0, BH13/BI13*100) -> 0 | BK13: =SUMIFS('17AugTo21Aug'!$L:$L, '17AugTo21Aug'!$J:$J, $A13) -> 0 | BL13: =SUMIFS('17AugTo21Aug'!$K:$K, '17AugTo21Aug'!$J:$J, $A13) -> 0 | BM13: =SUMIFS('17AugTo21Aug'!$O:$O, '17AugTo21Aug'!$J:$J, $A13) -> 0 | BN13: =SUMIFS('17AugTo21Aug'!$P:$P, '17AugTo21Aug'!$J:$J, $A13) -> 0 | BO13: =IF(BN13=0, 0, BM13/BN13*100) -> 0 | BP13: =SUMIFS('10AugTo16Aug'!$L:$L, '10AugTo16Aug'!$J:$J, $A13) -> 0 | BQ13: =SUMIFS('10AugTo16Aug'!$K:$K, '10AugTo16Aug'!$J:$J, $A13) -> 0 | BR13: =SUMIFS('10AugTo16Aug'!$O:$O, '10AugTo16Aug'!$J:$J, $A13) -> 0 | BS13: =SUMIFS('10AugTo16Aug'!$P:$P, '10AugTo16Aug'!$J:$J, $A13) -> 0 | BT13: =IF(BS13=0, 0, BR13/BS13*100) -> 0 | BU13: =SUMIFS('3AugTo9Aug'!$L:$L, '3AugTo9Aug'!$J:$J, $A13) -> 3 | BV13: =SUMIFS('3AugTo9Aug'!$K:$K, '3AugTo9Aug'!$J:$J, $A13) -> 23 | BW13: =SUMIFS('3AugTo9Aug'!$O:$O, '3AugTo9Aug'!$J:$J, $A13) -> 11.33 | BX13: =SUMIFS('3AugTo9Aug'!$P:$P, '3AugTo9Aug'!$J:$J, $A13) -> 24.94 | BY13: =IF(BX13=0, 0, BW13/BX13*100) -> 45.42903 | BZ13: =SUMIFS('27JulyTo2Aug'!$L:$L, '27JulyTo2Aug'!$J:$J, $A13) -> 0 | CA13: =SUMIFS('27JulyTo2Aug'!$K:$K, '27JulyTo2Aug'!$J:$J, $A13) -> 0 | CB13: =SUMIFS('27JulyTo2Aug'!$O:$O, '27JulyTo2Aug'!$J:$J, $A13) -> 0 | CC13: =SUMIFS('27JulyTo2Aug'!$P:$P, '27JulyTo2Aug'!$J:$J, $A13) -> 0 | CD13: =IF(CC13=0, 0, CB13/CC13*100) -> 0
A14: ashwagandha maca root | B14: =IF( (E14+J14+O14+T14+Y14)=0, "NO TRAFFIC", IF( (F14+K14+P14+U14+Z14)=0, "CLICKS NO SALES", IF( ((E14+J14+O14+T14+Y14)/(F14+K14+P14+U14+Z14)*100)<=35, "WINNER", "HIGH ACOS" ) ) ) -> HIGH ACOS | C14: =SUMIFS('9NovTo15Nov'!$L:$L, '9NovTo15Nov'!$J:$J, $A14) -> 3 | D14: =SUMIFS('9NovTo15Nov'!$K:$K, '9NovTo15Nov'!$J:$J, $A14) -> 17 | E14: =SUMIFS('9NovTo15Nov'!$O:$O, '9NovTo15Nov'!$J:$J, $A14) -> 10.81 | F14: =SUMIFS('9NovTo15Nov'!$P:$P, '9NovTo15Nov'!$J:$J, $A14) -> 24.94 | G14: =IF(F14=0, 0, E14/F14*100) -> 43.344026 | H14: =SUMIFS('2NovTo8Nov'!$L:$L, '2NovTo8Nov'!$J:$J, $A14) -> 0 | I14: =SUMIFS('2NovTo8Nov'!$K:$K, '2NovTo8Nov'!$J:$J, $A14) -> 0 | J14: =SUMIFS('2NovTo8Nov'!$O:$O, '2NovTo8Nov'!$J:$J, $A14) -> 0 | K14: =SUMIFS('2NovTo8Nov'!$P:$P, '2NovTo8Nov'!$J:$J, $A14) -> 0 | L14: =IF(K14=0, 0, J14/K14*100) -> 0 | M14: =SUMIFS('26OctTo1Nov'!$L:$L, '26OctTo1Nov'!$J:$J, $A14) -> 2 | N14: =SUMIFS('26OctTo1Nov'!$K:$K, '26OctTo1Nov'!$J:$J, $A14) -> 10 | O14: =SUMIFS('26OctTo1Nov'!$O:$O, '26OctTo1Nov'!$J:$J, $A14) -> 7.31 | P14: =SUMIFS('26OctTo1Nov'!$P:$P, '26OctTo1Nov'!$J:$J, $A14) -> 24.94 | Q14: =IF(P14=0, 0, O14/P14*100) -> 29.310345 | R14: =SUMIFS('19OctTo25Oct'!$L:$L, '19OctTo25Oct'!$J:$J, $A14) -> 0 | S14: =SUMIFS('19OctTo25Oct'!$K:$K, '19OctTo25Oct'!$J:$J, $A14) -> 0 | T14: =SUMIFS('19OctTo25Oct'!$O:$O, '19OctTo25Oct'!$J:$J, $A14) -> 0 | U14: =SUMIFS('19OctTo25Oct'!$P:$P, '19OctTo25Oct'!$J:$J, $A14) -> 0 | V14: =IF(U14=0, 0, T14/U14*100) -> 0 | W14: =SUMIFS('12OctTo18Oct'!$L:$L, '12OctTo18Oct'!$J:$J, $A14) -> 0 | X14: =SUMIFS('12OctTo18Oct'!$K:$K, '12OctTo18Oct'!$J:$J, $A14) -> 0 | Y14: =SUMIFS('12OctTo18Oct'!$O:$O, '12OctTo18Oct'!$J:$J, $A14) -> 0 | Z14: =SUMIFS('12OctTo18Oct'!$P:$P, '12OctTo18Oct'!$J:$J, $A14) -> 0 | AA14: =IF(Z14=0, 0, Y14/Z14*100) -> 0 | AB14: =SUMIFS('5OctTo11Oct'!$L:$L, '5OctTo11Oct'!$J:$J, $A14) -> 0 | AC14: =SUMIFS('5OctTo11Oct'!$K:$K, '5OctTo11Oct'!$J:$J, $A14) -> 0 | AD14: =SUMIFS('5OctTo11Oct'!$O:$O, '5OctTo11Oct'!$J:$J, $A14) -> 0 | AE14: =SUMIFS('5OctTo11Oct'!$P:$P, '5OctTo11Oct'!$J:$J, $A14) -> 0 | AF14: =IF(AE14=0, 0, AD14/AE14*100) -> 0 | AG14: =SUMIFS('28SepTo4Oct'!$L:$L, '28SepTo4Oct'!$J:$J, $A14) -> 0 | AH14: =SUMIFS('28SepTo4Oct'!$K:$K, '28SepTo4Oct'!$J:$J, $A14) -> 0 | AI14: =SUMIFS('28SepTo4Oct'!$O:$O, '28SepTo4Oct'!$J:$J, $A14) -> 0 | AJ14: =SUMIFS('28SepTo4Oct'!$P:$P, '28SepTo4Oct'!$J:$J, $A14) -> 0 | AK14: =IF(AJ14=0, 0, AI14/AJ14*100) -> 0 | AL14: =SUMIFS('21SepTo27Sep'!$L:$L, '21SepTo27Sep'!$J:$J, $A14) -> 2 | AM14: =SUMIFS('21SepTo27Sep'!$K:$K, '21SepTo27Sep'!$J:$J, $A14) -> 7 | AN14: =SUMIFS('21SepTo27Sep'!$O:$O, '21SepTo27Sep'!$J:$J, $A14) -> 7.77 | AO14: =SUMIFS('21SepTo27Sep'!$P:$P, '21SepTo27Sep'!$J:$J, $A14) -> 24.94 | AP14: =IF(AO14=0, 0, AN14/AO14*100) -> 31.154771 | AQ14: =SUMIFS('14SepTo20Sep'!$L:$L, '14SepTo20Sep'!$J:$J, $A14) -> 2 | AR14: =SUMIFS('14SepTo20Sep'!$K:$K, '14SepTo20Sep'!$J:$J, $A14) -> 7 | AS14: =SUMIFS('14SepTo20Sep'!$O:$O, '14SepTo20Sep'!$J:$J, $A14) -> 7.97 | AT14: =SUMIFS('14SepTo20Sep'!$P:$P, '14SepTo20Sep'!$J:$J, $A14) -> 24.94 | AU14: =IF(AT14=0, 0, AS14/AT14*100) -> 31.956696 | AV14: =SUMIFS('7SepTo13Sep'!$L:$L, '7SepTo13Sep'!$J:$J, $A14) -> 0 | AW14: =SUMIFS('7SepTo13Sep'!$K:$K, '7SepTo13Sep'!$J:$J, $A14) -> 0 | AX14: =SUMIFS('7SepTo13Sep'!$O:$O, '7SepTo13Sep'!$J:$J, $A14) -> 0 | AY14: =SUMIFS('7SepTo13Sep'!$P:$P, '7SepTo13Sep'!$J:$J, $A14) -> 0 | AZ14: =IF(AY14=0, 0, AX14/AY14*100) -> 0 | BA14: =SUMIFS('31AugTo6Sep'!$L:$L, '31AugTo6Sep'!$J:$J, $A14) -> 0 | BB14: =SUMIFS('31AugTo6Sep'!$K:$K, '31AugTo6Sep'!$J:$J, $A14) -> 0 | BC14: =SUMIFS('31AugTo6Sep'!$O:$O, '31AugTo6Sep'!$J:$J, $A14) -> 0 | BD14: =SUMIFS('31AugTo6Sep'!$P:$P, '31AugTo6Sep'!$J:$J, $A14) -> 0 | BE14: =IF(BD14=0, 0, BC14/BD14*100) -> 0 | BF14: =SUMIFS('24AugTo29Aug'!$L:$L, '24AugTo29Aug'!$J:$J, $A14) -> 0 | BG14: =SUMIFS('24AugTo29Aug'!$K:$K, '24AugTo29Aug'!$J:$J, $A14) -> 0 | BH14: =SUMIFS('24AugTo29Aug'!$O:$O, '24AugTo29Aug'!$J:$J, $A14) -> 0 | BI14: =SUMIFS('24AugTo29Aug'!$P:$P, '24AugTo29Aug'!$J:$J, $A14) -> 0 | BJ14: =IF(BI14=0, 0, BH14/BI14*100) -> 0 | BK14: =SUMIFS('17AugTo21Aug'!$L:$L, '17AugTo21Aug'!$J:$J, $A14) -> 1 | BL14: =SUMIFS('17AugTo21Aug'!$K:$K, '17AugTo21Aug'!$J:$J, $A14) -> 2 | BM14: =SUMIFS('17AugTo21Aug'!$O:$O, '17AugTo21Aug'!$J:$J, $A14) -> 3.5 | BN14: =SUMIFS('17AugTo21Aug'!$P:$P, '17AugTo21Aug'!$J:$J, $A14) -> 24.94 | BO14: =IF(BN14=0, 0, BM14/BN14*100) -> 14.033681 | BP14: =SUMIFS('10AugTo16Aug'!$L:$L, '10AugTo16Aug'!$J:$J, $A14) -> 4 | BQ14: =SUMIFS('10AugTo16Aug'!$K:$K, '10AugTo16Aug'!$J:$J, $A14) -> 27 | BR14: =SUMIFS('10AugTo16Aug'!$O:$O, '10AugTo16Aug'!$J:$J, $A14) -> 12.38 | BS14: =SUMIFS('10AugTo16Aug'!$P:$P, '10AugTo16Aug'!$J:$J, $A14) -> 24.94 | BT14: =IF(BS14=0, 0, BR14/BS14*100) -> 49.639134 | BU14: =SUMIFS('3AugTo9Aug'!$L:$L, '3AugTo9Aug'!$J:$J, $A14) -> 0 | BV14: =SUMIFS('3AugTo9Aug'!$K:$K, '3AugTo9Aug'!$J:$J, $A14) -> 0 | BW14: =SUMIFS('3AugTo9Aug'!$O:$O, '3AugTo9Aug'!$J:$J, $A14) -> 0 | BX14: =SUMIFS('3AugTo9Aug'!$P:$P, '3AugTo9Aug'!$J:$J, $A14) -> 0 | BY14: =IF(BX14=0, 0, BW14/BX14*100) -> 0 | BZ14: =SUMIFS('27JulyTo2Aug'!$L:$L, '27JulyTo2Aug'!$J:$J, $A14) -> 0 | CA14: =SUMIFS('27JulyTo2Aug'!$K:$K, '27JulyTo2Aug'!$J:$J, $A14) -> 0 | CB14: =SUMIFS('27JulyTo2Aug'!$O:$O, '27JulyTo2Aug'!$J:$J, $A14) -> 0 | CC14: =SUMIFS('27JulyTo2Aug'!$P:$P, '27JulyTo2Aug'!$J:$J, $A14) -> 0 | CD14: =IF(CC14=0, 0, CB14/CC14*100) -> 0
A15: saffron 88.5 mg | B15: =IF( (E15+J15+O15+T15+Y15)=0, "NO TRAFFIC", IF( (F15+K15+P15+U15+Z15)=0, "CLICKS NO SALES", IF( ((E15+J15+O15+T15+Y15)/(F15+K15+P15+U15+Z15)*100)<=35, "WINNER", "HIGH ACOS" ) ) ) -> WINNER | C15: =SUMIFS('9NovTo15Nov'!$L:$L, '9NovTo15Nov'!$J:$J, $A15) -> 0 | D15: =SUMIFS('9NovTo15Nov'!$K:$K, '9NovTo15Nov'!$J:$J, $A15) -> 0 | E15: =SUMIFS('9NovTo15Nov'!$O:$O, '9NovTo15Nov'!$J:$J, $A15) -> 0 | F15: =SUMIFS('9NovTo15Nov'!$P:$P, '9NovTo15Nov'!$J:$J, $A15) -> 0 | G15: =IF(F15=0, 0, E15/F15*100) -> 0 | H15: =SUMIFS('2NovTo8Nov'!$L:$L, '2NovTo8Nov'!$J:$J, $A15) -> 0 | I15: =SUMIFS('2NovTo8Nov'!$K:$K, '2NovTo8Nov'!$J:$J, $A15) -> 0 | J15: =SUMIFS('2NovTo8Nov'!$O:$O, '2NovTo8Nov'!$J:$J, $A15) -> 0 | K15: =SUMIFS('2NovTo8Nov'!$P:$P, '2NovTo8Nov'!$J:$J, $A15) -> 0 | L15: =IF(K15=0, 0, J15/K15*100) -> 0 | M15: =SUMIFS('26OctTo1Nov'!$L:$L, '26OctTo1Nov'!$J:$J, $A15) -> 1 | N15: =SUMIFS('26OctTo1Nov'!$K:$K, '26OctTo1Nov'!$J:$J, $A15) -> 1 | O15: =SUMIFS('26OctTo1Nov'!$O:$O, '26OctTo1Nov'!$J:$J, $A15) -> 2.54 | P15: =SUMIFS('26OctTo1Nov'!$P:$P, '26OctTo1Nov'!$J:$J, $A15) -> 43.8 | Q15: =IF(P15=0, 0, O15/P15*100) -> 5.7990868 | R15: =SUMIFS('19OctTo25Oct'!$L:$L, '19OctTo25Oct'!$J:$J, $A15) -> 0 | S15: =SUMIFS('19OctTo25Oct'!$K:$K, '19OctTo25Oct'!$J:$J, $A15) -> 0 | T15: =SUMIFS('19OctTo25Oct'!$O:$O, '19OctTo25Oct'!$J:$J, $A15) -> 0 | U15: =SUMIFS('19OctTo25Oct'!$P:$P, '19OctTo25Oct'!$J:$J, $A15) -> 0 | V15: =IF(U15=0, 0, T15/U15*100) -> 0 | W15: =SUMIFS('12OctTo18Oct'!$L:$L, '12OctTo18Oct'!$J:$J, $A15) -> 0 | X15: =SUMIFS('12OctTo18Oct'!$K:$K, '12OctTo18Oct'!$J:$J, $A15) -> 0 | Y15: =SUMIFS('12OctTo18Oct'!$O:$O, '12OctTo18Oct'!$J:$J, $A15) -> 0 | Z15: =SUMIFS('12OctTo18Oct'!$P:$P, '12OctTo18Oct'!$J:$J, $A15) -> 0 | AA15: =IF(Z15=0, 0, Y15/Z15*100) -> 0 | AB15: =SUMIFS('5OctTo11Oct'!$L:$L, '5OctTo11Oct'!$J:$J, $A15) -> 0 | AC15: =SUMIFS('5OctTo11Oct'!$K:$K, '5OctTo11Oct'!$J:$J, $A15) -> 0 | AD15: =SUMIFS('5OctTo11Oct'!$O:$O, '5OctTo11Oct'!$J:$J, $A15) -> 0 | AE15: =SUMIFS('5OctTo11Oct'!$P:$P, '5OctTo11Oct'!$J:$J, $A15) -> 0 | AF15: =IF(AE15=0, 0, AD15/AE15*100) -> 0 | AG15: =SUMIFS('28SepTo4Oct'!$L:$L, '28SepTo4Oct'!$J:$J, $A15) -> 0 | AH15: =SUMIFS('28SepTo4Oct'!$K:$K, '28SepTo4Oct'!$J:$J, $A15) -> 0 | AI15: =SUMIFS('28SepTo4Oct'!$O:$O, '28SepTo4Oct'!$J:$J, $A15) -> 0 | AJ15: =SUMIFS('28SepTo4Oct'!$P:$P, '28SepTo4Oct'!$J:$J, $A15) -> 0 | AK15: =IF(AJ15=0, 0, AI15/AJ15*100) -> 0 | AL15: =SUMIFS('21SepTo27Sep'!$L:$L, '21SepTo27Sep'!$J:$J, $A15) -> 2 | AM15: =SUMIFS('21SepTo27Sep'!$K:$K, '21SepTo27Sep'!$J:$J, $A15) -> 3 | AN15: =SUMIFS('21SepTo27Sep'!$O:$O, '21SepTo27Sep'!$J:$J, $A15) -> 8.06 | AO15: =SUMIFS('21SepTo27Sep'!$P:$P, '21SepTo27Sep'!$J:$J, $A15) -> 21.9 | AP15: =IF(AO15=0, 0, AN15/AO15*100) -> 36.803653 | AQ15: =SUMIFS('14SepTo20Sep'!$L:$L, '14SepTo20Sep'!$J:$J, $A15) -> 0 | AR15: =SUMIFS('14SepTo20Sep'!$K:$K, '14SepTo20Sep'!$J:$J, $A15) -> 0 | AS15: =SUMIFS('14SepTo20Sep'!$O:$O, '14SepTo20Sep'!$J:$J, $A15) -> 0 | AT15: =SUMIFS('14SepTo20Sep'!$P:$P, '14SepTo20Sep'!$J:$J, $A15) -> 0 | AU15: =IF(AT15=0, 0, AS15/AT15*100) -> 0 | AV15: =SUMIFS('7SepTo13Sep'!$L:$L, '7SepTo13Sep'!$J:$J, $A15) -> 0 | AW15: =SUMIFS('7SepTo13Sep'!$K:$K, '7SepTo13Sep'!$J:$J, $A15) -> 0 | AX15: =SUMIFS('7SepTo13Sep'!$O:$O, '7SepTo13Sep'!$J:$J, $A15) -> 0 | AY15: =SUMIFS('7SepTo13Sep'!$P:$P, '7SepTo13Sep'!$J:$J, $A15) -> 0 | AZ15: =IF(AY15=0, 0, AX15/AY15*100) -> 0 | BA15: =SUMIFS('31AugTo6Sep'!$L:$L, '31AugTo6Sep'!$J:$J, $A15) -> 0 | BB15: =SUMIFS('31AugTo6Sep'!$K:$K, '31AugTo6Sep'!$J:$J, $A15) -> 0 | BC15: =SUMIFS('31AugTo6Sep'!$O:$O, '31AugTo6Sep'!$J:$J, $A15) -> 0 | BD15: =SUMIFS('31AugTo6Sep'!$P:$P, '31AugTo6Sep'!$J:$J, $A15) -> 0 | BE15: =IF(BD15=0, 0, BC15/BD15*100) -> 0 | BF15: =SUMIFS('24AugTo29Aug'!$L:$L, '24AugTo29Aug'!$J:$J, $A15) -> 0 | BG15: =SUMIFS('24AugTo29Aug'!$K:$K, '24AugTo29Aug'!$J:$J, $A15) -> 0 | BH15: =SUMIFS('24AugTo29Aug'!$O:$O, '24AugTo29Aug'!$J:$J, $A15) -> 0 | BI15: =SUMIFS('24AugTo29Aug'!$P:$P, '24AugTo29Aug'!$J:$J, $A15) -> 0 | BJ15: =IF(BI15=0, 0, BH15/BI15*100) -> 0 | BK15: =SUMIFS('17AugTo21Aug'!$L:$L, '17AugTo21Aug'!$J:$J, $A15) -> 0 | BL15: =SUMIFS('17AugTo21Aug'!$K:$K, '17AugTo21Aug'!$J:$J, $A15) -> 0 | BM15: =SUMIFS('17AugTo21Aug'!$O:$O, '17AugTo21Aug'!$J:$J, $A15) -> 0 | BN15: =SUMIFS('17AugTo21Aug'!$P:$P, '17AugTo21Aug'!$J:$J, $A15) -> 0 | BO15: =IF(BN15=0, 0, BM15/BN15*100) -> 0 | BP15: =SUMIFS('10AugTo16Aug'!$L:$L, '10AugTo16Aug'!$J:$J, $A15) -> 0 | BQ15: =SUMIFS('10AugTo16Aug'!$K:$K, '10AugTo16Aug'!$J:$J, $A15) -> 0 | BR15: =SUMIFS('10AugTo16Aug'!$O:$O, '10AugTo16Aug'!$J:$J, $A15) -> 0 | BS15: =SUMIFS('10AugTo16Aug'!$P:$P, '10AugTo16Aug'!$J:$J, $A15) -> 0 | BT15: =IF(BS15=0, 0, BR15/BS15*100) -> 0 | BU15: =SUMIFS('3AugTo9Aug'!$L:$L, '3AugTo9Aug'!$J:$J, $A15) -> 0 | BV15: =SUMIFS('3AugTo9Aug'!$K:$K, '3AugTo9Aug'!$J:$J, $A15) -> 0 | BW15: =SUMIFS('3AugTo9Aug'!$O:$O, '3AugTo9Aug'!$J:$J, $A15) -> 0 | BX15: =SUMIFS('3AugTo9Aug'!$P:$P, '3AugTo9Aug'!$J:$J, $A15) -> 0 | BY15: =IF(BX15=0, 0, BW15/BX15*100) -> 0 | BZ15: =SUMIFS('27JulyTo2Aug'!$L:$L, '27JulyTo2Aug'!$J:$J, $A15) -> 0 | CA15: =SUMIFS('27JulyTo2Aug'!$K:$K, '27JulyTo2Aug'!$J:$J, $A15) -> 0 | CB15: =SUMIFS('27JulyTo2Aug'!$O:$O, '27JulyTo2Aug'!$J:$J, $A15) -> 0 | CC15: =SUMIFS('27JulyTo2Aug'!$P:$P, '27JulyTo2Aug'!$J:$J, $A15) -> 0 | CD15: =IF(CC15=0, 0, CB15/CC15*100) -> 0
A16: ashwagandha supplements | B16: =IF( (E16+J16+O16+T16+Y16)=0, "NO TRAFFIC", IF( (F16+K16+P16+U16+Z16)=0, "CLICKS NO SALES", IF( ((E16+J16+O16+T16+Y16)/(F16+K16+P16+U16+Z16)*100)<=35, "WINNER", "HIGH ACOS" ) ) ) -> WINNER | C16: =SUMIFS('9NovTo15Nov'!$L:$L, '9NovTo15Nov'!$J:$J, $A16) -> 0 | D16: =SUMIFS('9NovTo15Nov'!$K:$K, '9NovTo15Nov'!$J:$J, $A16) -> 0 | E16: =SUMIFS('9NovTo15Nov'!$O:$O, '9NovTo15Nov'!$J:$J, $A16) -> 0 | F16: =SUMIFS('9NovTo15Nov'!$P:$P, '9NovTo15Nov'!$J:$J, $A16) -> 0 | G16: =IF(F16=0, 0, E16/F16*100) -> 0 | H16: =SUMIFS('2NovTo8Nov'!$L:$L, '2NovTo8Nov'!$J:$J, $A16) -> 2 | I16: =SUMIFS('2NovTo8Nov'!$K:$K, '2NovTo8Nov'!$J:$J, $A16) -> 121 | J16: =SUMIFS('2NovTo8Nov'!$O:$O, '2NovTo8Nov'!$J:$J, $A16) -> 3.26 | K16: =SUMIFS('2NovTo8Nov'!$P:$P, '2NovTo8Nov'!$J:$J, $A16) -> 49.88 | L16: =IF(K16=0, 0, J16/K16*100) -> 6.5356856 | M16: =SUMIFS('26OctTo1Nov'!$L:$L, '26OctTo1Nov'!$J:$J, $A16) -> 0 | N16: =SUMIFS('26OctTo1Nov'!$K:$K, '26OctTo1Nov'!$J:$J, $A16) -> 0 | O16: =SUMIFS('26OctTo1Nov'!$O:$O, '26OctTo1Nov'!$J:$J, $A16) -> 0 | P16: =SUMIFS('26OctTo1Nov'!$P:$P, '26OctTo1Nov'!$J:$J, $A16) -> 0 | Q16: =IF(P16=0, 0, O16/P16*100) -> 0 | R16: =SUMIFS('19OctTo25Oct'!$L:$L, '19OctTo25Oct'!$J:$J, $A16) -> 1 | S16: =SUMIFS('19OctTo25Oct'!$K:$K, '19OctTo25Oct'!$J:$J, $A16) -> 4 | T16: =SUMIFS('19OctTo25Oct'!$O:$O, '19OctTo25Oct'!$J:$J, $A16) -> 1.82 | U16: =SUMIFS('19OctTo25Oct'!$P:$P, '19OctTo25Oct'!$J:$J, $A16) -> 24.94 | V16: =IF(U16=0, 0, T16/U16*100) -> 7.297514 | W16: =SUMIFS('12OctTo18Oct'!$L:$L, '12OctTo18Oct'!$J:$J, $A16) -> 0 | X16: =SUMIFS('12OctTo18Oct'!$K:$K, '12OctTo18Oct'!$J:$J, $A16) -> 0 | Y16: =SUMIFS('12OctTo18Oct'!$O:$O, '12OctTo18Oct'!$J:$J, $A16) -> 0 | Z16: =SUMIFS('12OctTo18Oct'!$P:$P, '12OctTo18Oct'!$J:$J, $A16) -> 0 | AA16: =IF(Z16=0, 0, Y16/Z16*100) -> 0 | AB16: =SUMIFS('5OctTo11Oct'!$L:$L, '5OctTo11Oct'!$J:$J, $A16) -> 9 | AC16: =SUMIFS('5OctTo11Oct'!$K:$K, '5OctTo11Oct'!$J:$J, $A16) -> 216 | AD16: =SUMIFS('5OctTo11Oct'!$O:$O, '5OctTo11Oct'!$J:$J, $A16) -> 22.77 | AE16: =SUMIFS('5OctTo11Oct'!$P:$P, '5OctTo11Oct'!$J:$J, $A16) -> 49.88 | AF16: =IF(AE16=0, 0, AD16/AE16*100) -> 45.649559 | AG16: =SUMIFS('28SepTo4Oct'!$L:$L, '28SepTo4Oct'!$J:$J, $A16) -> 0 | AH16: =SUMIFS('28SepTo4Oct'!$K:$K, '28SepTo4Oct'!$J:$J, $A16) -> 0 | AI16: =SUMIFS('28SepTo4Oct'!$O:$O, '28SepTo4Oct'!$J:$J, $A16) -> 0 | AJ16: =SUMIFS('28SepTo4Oct'!$P:$P, '28SepTo4Oct'!$J:$J, $A16) -> 0 | AK16: =IF(AJ16=0, 0, AI16/AJ16*100) -> 0 | AL16: =SUMIFS('21SepTo27Sep'!$L:$L, '21SepTo27Sep'!$J:$J, $A16) -> 8 | AM16: =SUMIFS('21SepTo27Sep'!$K:$K, '21SepTo27Sep'!$J:$J, $A16) -> 616 | AN16: =SUMIFS('21SepTo27Sep'!$O:$O, '21SepTo27Sep'!$J:$J, $A16) -> 23.1 | AO16: =SUMIFS('21SepTo27Sep'!$P:$P, '21SepTo27Sep'!$J:$J, $A16) -> 99.76 | AP16: =IF(AO16=0, 0, AN16/AO16*100) -> 23.155573 | AQ16: =SUMIFS('14SepTo20Sep'!$L:$L, '14SepTo20Sep'!$J:$J, $A16) -> 0 | AR16: =SUMIFS('14SepTo20Sep'!$K:$K, '14SepTo20Sep'!$J:$J, $A16) -> 0 | AS16: =SUMIFS('14SepTo20Sep'!$O:$O, '14SepTo20Sep'!$J:$J, $A16) -> 0 | AT16: =SUMIFS('14SepTo20Sep'!$P:$P, '14SepTo20Sep'!$J:$J, $A16) -> 0 | AU16: =IF(AT16=0, 0, AS16/AT16*100) -> 0 | AV16: =SUMIFS('7SepTo13Sep'!$L:$L, '7SepTo13Sep'!$J:$J, $A16) -> 0 | AW16: =SUMIFS('7SepTo13Sep'!$K:$K, '7SepTo13Sep'!$J:$J, $A16) -> 0 | AX16: =SUMIFS('7SepTo13Sep'!$O:$O, '7SepTo13Sep'!$J:$J, $A16) -> 0 | AY16: =SUMIFS('7SepTo13Sep'!$P:$P, '7SepTo13Sep'!$J:$J, $A16) -> 0 | AZ16: =IF(AY16=0, 0, AX16/AY16*100) -> 0 | BA16: =SUMIFS('31AugTo6Sep'!$L:$L, '31AugTo6Sep'!$J:$J, $A16) -> 0 | BB16: =SUMIFS('31AugTo6Sep'!$K:$K, '31AugTo6Sep'!$J:$J, $A16) -> 0 | BC16: =SUMIFS('31AugTo6Sep'!$O:$O, '31AugTo6Sep'!$J:$J, $A16) -> 0 | BD16: =SUMIFS('31AugTo6Sep'!$P:$P, '31AugTo6Sep'!$J:$J, $A16) -> 0 | BE16: =IF(BD16=0, 0, BC16/BD16*100) -> 0 | BF16: =SUMIFS('24AugTo29Aug'!$L:$L, '24AugTo29Aug'!$J:$J, $A16) -> 0 | BG16: =SUMIFS('24AugTo29Aug'!$K:$K, '24AugTo29Aug'!$J:$J, $A16) -> 0 | BH16: =SUMIFS('24AugTo29Aug'!$O:$O, '24AugTo29Aug'!$J:$J, $A16) -> 0 | BI16: =SUMIFS('24AugTo29Aug'!$P:$P, '24AugTo29Aug'!$J:$J, $A16) -> 0 | BJ16: =IF(BI16=0, 0, BH16/BI16*100) -> 0 | BK16: =SUMIFS('17AugTo21Aug'!$L:$L, '17AugTo21Aug'!$J:$J, $A16) -> 4 | BL16: =SUMIFS('17AugTo21Aug'!$K:$K, '17AugTo21Aug'!$J:$J, $A16) -> 469 | BM16: =SUMIFS('17AugTo21Aug'!$O:$O, '17AugTo21Aug'!$J:$J, $A16) -> 5.23 | BN16: =SUMIFS('17AugTo21Aug'!$P:$P, '17AugTo21Aug'!$J:$J, $A16) -> 24.94 | BO16: =IF(BN16=0, 0, BM16/BN16*100) -> 20.970329 | BP16: =SUMIFS('10AugTo16Aug'!$L:$L, '10AugTo16Aug'!$J:$J, $A16) -> 1 | BQ16: =SUMIFS('10AugTo16Aug'!$K:$K, '10AugTo16Aug'!$J:$J, $A16) -> 35 | BR16: =SUMIFS('10AugTo16Aug'!$O:$O, '10AugTo16Aug'!$J:$J, $A16) -> 2.26 | BS16: =SUMIFS('10AugTo16Aug'!$P:$P, '10AugTo16Aug'!$J:$J, $A16) -> 24.94 | BT16: =IF(BS16=0, 0, BR16/BS16*100) -> 9.0617482 | BU16: =SUMIFS('3AugTo9Aug'!$L:$L, '3AugTo9Aug'!$J:$J, $A16) -> 0 | BV16: =SUMIFS('3AugTo9Aug'!$K:$K, '3AugTo9Aug'!$J:$J, $A16) -> 0 | BW16: =SUMIFS('3AugTo9Aug'!$O:$O, '3AugTo9Aug'!$J:$J, $A16) -> 0 | BX16: =SUMIFS('3AugTo9Aug'!$P:$P, '3AugTo9Aug'!$J:$J, $A16) -> 0 | BY16: =IF(BX16=0, 0, BW16/BX16*100) -> 0 | BZ16: =SUMIFS('27JulyTo2Aug'!$L:$L, '27JulyTo2Aug'!$J:$J, $A16) -> 0 | CA16: =SUMIFS('27JulyTo2Aug'!$K:$K, '27JulyTo2Aug'!$J:$J, $A16) -> 0 | CB16: =SUMIFS('27JulyTo2Aug'!$O:$O, '27JulyTo2Aug'!$J:$J, $A16) -> 0 | CC16: =SUMIFS('27JulyTo2Aug'!$P:$P, '27JulyTo2Aug'!$J:$J, $A16) -> 0 | CD16: =IF(CC16=0, 0, CB16/CC16*100) -> 0
A17: ashwagandha magnesium | B17: =IF( (E17+J17+O17+T17+Y17)=0, "NO TRAFFIC", IF( (F17+K17+P17+U17+Z17)=0, "CLICKS NO SALES", IF( ((E17+J17+O17+T17+Y17)/(F17+K17+P17+U17+Z17)*100)<=35, "WINNER", "HIGH ACOS" ) ) ) -> HIGH ACOS | C17: =SUMIFS('9NovTo15Nov'!$L:$L, '9NovTo15Nov'!$J:$J, $A17) -> 0 | D17: =SUMIFS('9NovTo15Nov'!$K:$K, '9NovTo15Nov'!$J:$J, $A17) -> 0 | E17: =SUMIFS('9NovTo15Nov'!$O:$O, '9NovTo15Nov'!$J:$J, $A17) -> 0 | F17: =SUMIFS('9NovTo15Nov'!$P:$P, '9NovTo15Nov'!$J:$J, $A17) -> 0 | G17: =IF(F17=0, 0, E17/F17*100) -> 0 | H17: =SUMIFS('2NovTo8Nov'!$L:$L, '2NovTo8Nov'!$J:$J, $A17) -> 0 | I17: =SUMIFS('2NovTo8Nov'!$K:$K, '2NovTo8Nov'!$J:$J, $A17) -> 0 | J17: =SUMIFS('2NovTo8Nov'!$O:$O, '2NovTo8Nov'!$J:$J, $A17) -> 0 | K17: =SUMIFS('2NovTo8Nov'!$P:$P, '2NovTo8Nov'!$J:$J, $A17) -> 0 | L17: =IF(K17=0, 0, J17/K17*100) -> 0 | M17: =SUMIFS('26OctTo1Nov'!$L:$L, '26OctTo1Nov'!$J:$J, $A17) -> 0 | N17: =SUMIFS('26OctTo1Nov'!$K:$K, '26OctTo1Nov'!$J:$J, $A17) -> 0 | O17: =SUMIFS('26OctTo1Nov'!$O:$O, '26OctTo1Nov'!$J:$J, $A17) -> 0 | P17: =SUMIFS('26OctTo1Nov'!$P:$P, '26OctTo1Nov'!$J:$J, $A17) -> 0 | Q17: =IF(P17=0, 0, O17/P17*100) -> 0 | R17: =SUMIFS('19OctTo25Oct'!$L:$L, '19OctTo25Oct'!$J:$J, $A17) -> 8 | S17: =SUMIFS('19OctTo25Oct'!$K:$K, '19OctTo25Oct'!$J:$J, $A17) -> 158 | T17: =SUMIFS('19OctTo25Oct'!$O:$O, '19OctTo25Oct'!$J:$J, $A17) -> 32.68 | U17: =SUMIFS('19OctTo25Oct'!$P:$P, '19OctTo25Oct'!$J:$J, $A17) -> 65.7 | V17: =IF(U17=0, 0, T17/U17*100) -> 49.741248 | W17: =SUMIFS('12OctTo18Oct'!$L:$L, '12OctTo18Oct'!$J:$J, $A17) -> 8 | X17: =SUMIFS('12OctTo18Oct'!$K:$K, '12OctTo18Oct'!$J:$J, $A17) -> 246 | Y17: =SUMIFS('12OctTo18Oct'!$O:$O, '12OctTo18Oct'!$J:$J, $A17) -> 32.25 | Z17: =SUMIFS('12OctTo18Oct'!$P:$P, '12OctTo18Oct'!$J:$J, $A17) -> 65.7 | AA17: =IF(Z17=0, 0, Y17/Z17*100) -> 49.086758 | AB17: =SUMIFS('5OctTo11Oct'!$L:$L, '5OctTo11Oct'!$J:$J, $A17) -> 5 | AC17: =SUMIFS('5OctTo11Oct'!$K:$K, '5OctTo11Oct'!$J:$J, $A17) -> 291 | AD17: =SUMIFS('5OctTo11Oct'!$O:$O, '5OctTo11Oct'!$J:$J, $A17) -> 18.26 | AE17: =SUMIFS('5OctTo11Oct'!$P:$P, '5OctTo11Oct'!$J:$J, $A17) -> 17.52 | AF17: =IF(AE17=0, 0, AD17/AE17*100) -> 104.22374 | AG17: =SUMIFS('28SepTo4Oct'!$L:$L, '28SepTo4Oct'!$J:$J, $A17) -> 7 | AH17: =SUMIFS('28SepTo4Oct'!$K:$K, '28SepTo4Oct'!$J:$J, $A17) -> 78 | AI17: =SUMIFS('28SepTo4Oct'!$O:$O, '28SepTo4Oct'!$J:$J, $A17) -> 26.03 | AJ17: =SUMIFS('28SepTo4Oct'!$P:$P, '28SepTo4Oct'!$J:$J, $A17) -> 21.9 | AK17: =IF(AJ17=0, 0, AI17/AJ17*100) -> 118.85845 | AL17: =SUMIFS('21SepTo27Sep'!$L:$L, '21SepTo27Sep'!$J:$J, $A17) -> 1 | AM17: =SUMIFS('21SepTo27Sep'!$K:$K, '21SepTo27Sep'!$J:$J, $A17) -> 30 | AN17: =SUMIFS('21SepTo27Sep'!$O:$O, '21SepTo27Sep'!$J:$J, $A17) -> 3.74 | AO17: =SUMIFS('21SepTo27Sep'!$P:$P, '21SepTo27Sep'!$J:$J, $A17) -> 21.9 | AP17: =IF(AO17=0, 0, AN17/AO17*100) -> 17.077626 | AQ17: =SUMIFS('14SepTo20Sep'!$L:$L, '14SepTo20Sep'!$J:$J, $A17) -> 0 | AR17: =SUMIFS('14SepTo20Sep'!$K:$K, '14SepTo20Sep'!$J:$J, $A17) -> 0 | AS17: =SUMIFS('14SepTo20Sep'!$O:$O, '14SepTo20Sep'!$J:$J, $A17) -> 0 | AT17: =SUMIFS('14SepTo20Sep'!$P:$P, '14SepTo20Sep'!$J:$J, $A17) -> 0 | AU17: =IF(AT17=0, 0, AS17/AT17*100) -> 0 | AV17: =SUMIFS('7SepTo13Sep'!$L:$L, '7SepTo13Sep'!$J:$J, $A17) -> 0 | AW17: =SUMIFS('7SepTo13Sep'!$K:$K, '7SepTo13Sep'!$J:$J, $A17) -> 0 | AX17: =SUMIFS('7SepTo13Sep'!$O:$O, '7SepTo13Sep'!$J:$J, $A17) -> 0 | AY17: =SUMIFS('7SepTo13Sep'!$P:$P, '7SepTo13Sep'!$J:$J, $A17) -> 0 | AZ17: =IF(AY17=0, 0, AX17/AY17*100) -> 0 | BA17: =SUMIFS('31AugTo6Sep'!$L:$L, '31AugTo6Sep'!$J:$J, $A17) -> 0 | BB17: =SUMIFS('31AugTo6Sep'!$K:$K, '31AugTo6Sep'!$J:$J, $A17) -> 0 | BC17: =SUMIFS('31AugTo6Sep'!$O:$O, '31AugTo6Sep'!$J:$J, $A17) -> 0 | BD17: =SUMIFS('31AugTo6Sep'!$P:$P, '31AugTo6Sep'!$J:$J, $A17) -> 0 | BE17: =IF(BD17=0, 0, BC17/BD17*100) -> 0 | BF17: =SUMIFS('24AugTo29Aug'!$L:$L, '24AugTo29Aug'!$J:$J, $A17) -> 3 | BG17: =SUMIFS('24AugTo29Aug'!$K:$K, '24AugTo29Aug'!$J:$J, $A17) -> 77 | BH17: =SUMIFS('24AugTo29Aug'!$O:$O, '24AugTo29Aug'!$J:$J, $A17) -> 12.19 | BI17: =SUMIFS('24AugTo29Aug'!$P:$P, '24AugTo29Aug'!$J:$J, $A17) -> 21.9 | BJ17: =IF(BI17=0, 0, BH17/BI17*100) -> 55.6621 | BK17: =SUMIFS('17AugTo21Aug'!$L:$L, '17AugTo21Aug'!$J:$J, $A17) -> 5 | BL17: =SUMIFS('17AugTo21Aug'!$K:$K, '17AugTo21Aug'!$J:$J, $A17) -> 103 | BM17: =SUMIFS('17AugTo21Aug'!$O:$O, '17AugTo21Aug'!$J:$J, $A17) -> 18.57 | BN17: =SUMIFS('17AugTo21Aug'!$P:$P, '17AugTo21Aug'!$J:$J, $A17) -> 21.95 | BO17: =IF(BN17=0, 0, BM17/BN17*100) -> 84.601367 | BP17: =SUMIFS('10AugTo16Aug'!$L:$L, '10AugTo16Aug'!$J:$J, $A17) -> 0 | BQ17: =SUMIFS('10AugTo16Aug'!$K:$K, '10AugTo16Aug'!$J:$J, $A17) -> 0 | BR17: =SUMIFS('10AugTo16Aug'!$O:$O, '10AugTo16Aug'!$J:$J, $A17) -> 0 | BS17: 0 | BT17: =IF(BS17=0, 0, BR17/BS17*100) -> 0 | BU17: =SUMIFS('3AugTo9Aug'!$L:$L, '3AugTo9Aug'!$J:$J, $A17) -> 3 | BV17: =SUMIFS('3AugTo9Aug'!$K:$K, '3AugTo9Aug'!$J:$J, $A17) -> 47 | BW17: =SUMIFS('3AugTo9Aug'!$O:$O, '3AugTo9Aug'!$J:$J, $A17) -> 12.03 | BX17: =SUMIFS('3AugTo9Aug'!$P:$P, '3AugTo9Aug'!$J:$J, $A17) -> 21.95 | BY17: =IF(BX17=0, 0, BW17/BX17*100) -> 54.806378 | BZ17: =SUMIFS('27JulyTo2Aug'!$L:$L, '27JulyTo2Aug'!$J:$J, $A17) -> 4 | CA17: =SUMIFS('27JulyTo2Aug'!$K:$K, '27JulyTo2Aug'!$J:$J, $A17) -> 97 | CB17: =SUMIFS('27JulyTo2Aug'!$O:$O, '27JulyTo2Aug'!$J:$J, $A17) -> 15.11 | CC17: =SUMIFS('27JulyTo2Aug'!$P:$P, '27JulyTo2Aug'!$J:$J, $A17) -> 49.9 | CD17: =IF(CC17=0, 0, CB17/CC17*100) -> 30.280561
A18: ashwagandha for men | B18: =IF( (E18+J18+O18+T18+Y18)=0, "NO TRAFFIC", IF( (F18+K18+P18+U18+Z18)=0, "CLICKS NO SALES", IF( ((E18+J18+O18+T18+Y18)/(F18+K18+P18+U18+Z18)*100)<=35, "WINNER", "HIGH ACOS" ) ) ) -> WINNER | C18: =SUMIFS('9NovTo15Nov'!$L:$L, '9NovTo15Nov'!$J:$J, $A18) -> 0 | D18: =SUMIFS('9NovTo15Nov'!$K:$K, '9NovTo15Nov'!$J:$J, $A18) -> 0 | E18: =SUMIFS('9NovTo15Nov'!$O:$O, '9NovTo15Nov'!$J:$J, $A18) -> 0 | F18: =SUMIFS('9NovTo15Nov'!$P:$P, '9NovTo15Nov'!$J:$J, $A18) -> 0 | G18: =IF(F18=0, 0, E18/F18*100) -> 0 | H18: =SUMIFS('2NovTo8Nov'!$L:$L, '2NovTo8Nov'!$J:$J, $A18) -> 4 | I18: =SUMIFS('2NovTo8Nov'!$K:$K, '2NovTo8Nov'!$J:$J, $A18) -> 71 | J18: =SUMIFS('2NovTo8Nov'!$O:$O, '2NovTo8Nov'!$J:$J, $A18) -> 14.27 | K18: =SUMIFS('2NovTo8Nov'!$P:$P, '2NovTo8Nov'!$J:$J, $A18) -> 74.82 | L18: =IF(K18=0, 0, J18/K18*100) -> 19.072441 | M18: =SUMIFS('26OctTo1Nov'!$L:$L, '26OctTo1Nov'!$J:$J, $A18) -> 0 | N18: =SUMIFS('26OctTo1Nov'!$K:$K, '26OctTo1Nov'!$J:$J, $A18) -> 0 | O18: =SUMIFS('26OctTo1Nov'!$O:$O, '26OctTo1Nov'!$J:$J, $A18) -> 0 | P18: =SUMIFS('26OctTo1Nov'!$P:$P, '26OctTo1Nov'!$J:$J, $A18) -> 0 | Q18: =IF(P18=0, 0, O18/P18*100) -> 0 | R18: =SUMIFS('19OctTo25Oct'!$L:$L, '19OctTo25Oct'!$J:$J, $A18) -> 1 | S18: =SUMIFS('19OctTo25Oct'!$K:$K, '19OctTo25Oct'!$J:$J, $A18) -> 48 | T18: =SUMIFS('19OctTo25Oct'!$O:$O, '19OctTo25Oct'!$J:$J, $A18) -> 2.83 | U18: =SUMIFS('19OctTo25Oct'!$P:$P, '19OctTo25Oct'!$J:$J, $A18) -> 24.94 | V18: =IF(U18=0, 0, T18/U18*100) -> 11.347233 | W18: =SUMIFS('12OctTo18Oct'!$L:$L, '12OctTo18Oct'!$J:$J, $A18) -> 0 | X18: =SUMIFS('12OctTo18Oct'!$K:$K, '12OctTo18Oct'!$J:$J, $A18) -> 0 | Y18: =SUMIFS('12OctTo18Oct'!$O:$O, '12OctTo18Oct'!$J:$J, $A18) -> 0 | Z18: =SUMIFS('12OctTo18Oct'!$P:$P, '12OctTo18Oct'!$J:$J, $A18) -> 0 | AA18: =IF(Z18=0, 0, Y18/Z18*100) -> 0 | AB18: =SUMIFS('5OctTo11Oct'!$L:$L, '5OctTo11Oct'!$J:$J, $A18) -> 5 | AC18: =SUMIFS('5OctTo11Oct'!$K:$K, '5OctTo11Oct'!$J:$J, $A18) -> 203 | AD18: =SUMIFS('5OctTo11Oct'!$O:$O, '5OctTo11Oct'!$J:$J, $A18) -> 18.48 | AE18: =SUMIFS('5OctTo11Oct'!$P:$P, '5OctTo11Oct'!$J:$J, $A18) -> 44.89 | AF18: =IF(AE18=0, 0, AD18/AE18*100) -> 41.167298 | AG18: =SUMIFS('28SepTo4Oct'!$L:$L, '28SepTo4Oct'!$J:$J, $A18) -> 9 | AH18: =SUMIFS('28SepTo4Oct'!$K:$K, '28SepTo4Oct'!$J:$J, $A18) -> 112 | AI18: =SUMIFS('28SepTo4Oct'!$O:$O, '28SepTo4Oct'!$J:$J, $A18) -> 39.98 | AJ18: =SUMIFS('28SepTo4Oct'!$P:$P, '28SepTo4Oct'!$J:$J, $A18) -> 74.82 | AK18: =IF(AJ18=0, 0, AI18/AJ18*100) -> 53.43491 | AL18: =SUMIFS('21SepTo27Sep'!$L:$L, '21SepTo27Sep'!$J:$J, $A18) -> 4 | AM18: =SUMIFS('21SepTo27Sep'!$K:$K, '21SepTo27Sep'!$J:$J, $A18) -> 217 | AN18: =SUMIFS('21SepTo27Sep'!$O:$O, '21SepTo27Sep'!$J:$J, $A18) -> 20.94 | AO18: =SUMIFS('21SepTo27Sep'!$P:$P, '21SepTo27Sep'!$J:$J, $A18) -> 24.94 | AP18: =IF(AO18=0, 0, AN18/AO18*100) -> 83.961508 | AQ18: =SUMIFS('14SepTo20Sep'!$L:$L, '14SepTo20Sep'!$J:$J, $A18) -> 4 | AR18: =SUMIFS('14SepTo20Sep'!$K:$K, '14SepTo20Sep'!$J:$J, $A18) -> 110 | AS18: =SUMIFS('14SepTo20Sep'!$O:$O, '14SepTo20Sep'!$J:$J, $A18) -> 20.72 | AT18: =SUMIFS('14SepTo20Sep'!$P:$P, '14SepTo20Sep'!$J:$J, $A18) -> 24.94 | AU18: =IF(AT18=0, 0, AS18/AT18*100) -> 83.079391 | AV18: =SUMIFS('7SepTo13Sep'!$L:$L, '7SepTo13Sep'!$J:$J, $A18) -> 7 | AW18: =SUMIFS('7SepTo13Sep'!$K:$K, '7SepTo13Sep'!$J:$J, $A18) -> 182 | AX18: =SUMIFS('7SepTo13Sep'!$O:$O, '7SepTo13Sep'!$J:$J, $A18) -> 28.94 | AY18: =SUMIFS('7SepTo13Sep'!$P:$P, '7SepTo13Sep'!$J:$J, $A18) -> 74.82 | AZ18: =IF(AY18=0, 0, AX18/AY18*100) -> 38.679497 | BA18: =SUMIFS('31AugTo6Sep'!$L:$L, '31AugTo6Sep'!$J:$J, $A18) -> 1 | BB18: =SUMIFS('31AugTo6Sep'!$K:$K, '31AugTo6Sep'!$J:$J, $A18) -> 8 | BC18: =SUMIFS('31AugTo6Sep'!$O:$O, '31AugTo6Sep'!$J:$J, $A18) -> 4.13 | BD18: =SUMIFS('31AugTo6Sep'!$P:$P, '31AugTo6Sep'!$J:$J, $A18) -> 24.94 | BE18: =IF(BD18=0, 0, BC18/BD18*100) -> 16.559743 | BF18: =SUMIFS('24AugTo29Aug'!$L:$L, '24AugTo29Aug'!$J:$J, $A18) -> 0 | BG18: =SUMIFS('24AugTo29Aug'!$K:$K, '24AugTo29Aug'!$J:$J, $A18) -> 0 | BH18: =SUMIFS('24AugTo29Aug'!$O:$O, '24AugTo29Aug'!$J:$J, $A18) -> 0 | BI18: =SUMIFS('24AugTo29Aug'!$P:$P, '24AugTo29Aug'!$J:$J, $A18) -> 0 | BJ18: =IF(BI18=0, 0, BH18/BI18*100) -> 0 | BK18: =SUMIFS('17AugTo21Aug'!$L:$L, '17AugTo21Aug'!$J:$J, $A18) -> 0 | BL18: =SUMIFS('17AugTo21Aug'!$K:$K, '17AugTo21Aug'!$J:$J, $A18) -> 0 | BM18: =SUMIFS('17AugTo21Aug'!$O:$O, '17AugTo21Aug'!$J:$J, $A18) -> 0 | BN18: =SUMIFS('17AugTo21Aug'!$P:$P, '17AugTo21Aug'!$J:$J, $A18) -> 0 | BO18: =IF(BN18=0, 0, BM18/BN18*100) -> 0 | BP18: =SUMIFS('10AugTo16Aug'!$L:$L, '10AugTo16Aug'!$J:$J, $A18) -> 5 | BQ18: =SUMIFS('10AugTo16Aug'!$K:$K, '10AugTo16Aug'!$J:$J, $A18) -> 123 | BR18: =SUMIFS('10AugTo16Aug'!$O:$O, '10AugTo16Aug'!$J:$J, $A18) -> 15.82 | BS18: =SUMIFS('10AugTo16Aug'!$P:$P, '10AugTo16Aug'!$J:$J, $A18) -> 49.88 | BT18: =IF(BS18=0, 0, BR18/BS18*100) -> 31.716119 | BU18: =SUMIFS('3AugTo9Aug'!$L:$L, '3AugTo9Aug'!$J:$J, $A18) -> 4 | BV18: =SUMIFS('3AugTo9Aug'!$K:$K, '3AugTo9Aug'!$J:$J, $A18) -> 251 | BW18: =SUMIFS('3AugTo9Aug'!$O:$O, '3AugTo9Aug'!$J:$J, $A18) -> 13.18 | BX18: =SUMIFS('3AugTo9Aug'!$P:$P, '3AugTo9Aug'!$J:$J, $A18) -> 24.94 | BY18: =IF(BX18=0, 0, BW18/BX18*100) -> 52.846832 | BZ18: =SUMIFS('27JulyTo2Aug'!$L:$L, '27JulyTo2Aug'!$J:$J, $A18) -> 0 | CA18: =SUMIFS('27JulyTo2Aug'!$K:$K, '27JulyTo2Aug'!$J:$J, $A18) -> 0 | CB18: =SUMIFS('27JulyTo2Aug'!$O:$O, '27JulyTo2Aug'!$J:$J, $A18) -> 0 | CC18: =SUMIFS('27JulyTo2Aug'!$P:$P, '27JulyTo2Aug'!$J:$J, $A18) -> 0 | CD18: =IF(CC18=0, 0, CB18/CC18*100) -> 0
A19: ashwagandha and maca root | B19: =IF( (E19+J19+O19+T19+Y19)=0, "NO TRAFFIC", IF( (F19+K19+P19+U19+Z19)=0, "CLICKS NO SALES", IF( ((E19+J19+O19+T19+Y19)/(F19+K19+P19+U19+Z19)*100)<=35, "WINNER", "HIGH ACOS" ) ) ) -> WINNER | C19: =SUMIFS('9NovTo15Nov'!$L:$L, '9NovTo15Nov'!$J:$J, $A19) -> 0 | D19: =SUMIFS('9NovTo15Nov'!$K:$K, '9NovTo15Nov'!$J:$J, $A19) -> 0 | E19: =SUMIFS('9NovTo15Nov'!$O:$O, '9NovTo15Nov'!$J:$J, $A19) -> 0 | F19: =SUMIFS('9NovTo15Nov'!$P:$P, '9NovTo15Nov'!$J:$J, $A19) -> 0 | G19: =IF(F19=0, 0, E19/F19*100) -> 0 | H19: =SUMIFS('2NovTo8Nov'!$L:$L, '2NovTo8Nov'!$J:$J, $A19) -> 3 | I19: =SUMIFS('2NovTo8Nov'!$K:$K, '2NovTo8Nov'!$J:$J, $A19) -> 54 | J19: =SUMIFS('2NovTo8Nov'!$O:$O, '2NovTo8Nov'!$J:$J, $A19) -> 11.07 | K19: =SUMIFS('2NovTo8Nov'!$P:$P, '2NovTo8Nov'!$J:$J, $A19) -> 24.94 | L19: =IF(K19=0, 0, J19/K19*100) -> 44.386528 | M19: =SUMIFS('26OctTo1Nov'!$L:$L, '26OctTo1Nov'!$J:$J, $A19) -> 0 | N19: =SUMIFS('26OctTo1Nov'!$K:$K, '26OctTo1Nov'!$J:$J, $A19) -> 0 | O19: =SUMIFS('26OctTo1Nov'!$O:$O, '26OctTo1Nov'!$J:$J, $A19) -> 0 | P19: =SUMIFS('26OctTo1Nov'!$P:$P, '26OctTo1Nov'!$J:$J, $A19) -> 0 | Q19: =IF(P19=0, 0, O19/P19*100) -> 0 | R19: =SUMIFS('19OctTo25Oct'!$L:$L, '19OctTo25Oct'!$J:$J, $A19) -> 0 | S19: =SUMIFS('19OctTo25Oct'!$K:$K, '19OctTo25Oct'!$J:$J, $A19) -> 0 | T19: =SUMIFS('19OctTo25Oct'!$O:$O, '19OctTo25Oct'!$J:$J, $A19) -> 0 | U19: =SUMIFS('19OctTo25Oct'!$P:$P, '19OctTo25Oct'!$J:$J, $A19) -> 0 | V19: =IF(U19=0, 0, T19/U19*100) -> 0 | W19: =SUMIFS('12OctTo18Oct'!$L:$L, '12OctTo18Oct'!$J:$J, $A19) -> 1 | X19: =SUMIFS('12OctTo18Oct'!$K:$K, '12OctTo18Oct'!$J:$J, $A19) -> 4 | Y19: =SUMIFS('12OctTo18Oct'!$O:$O, '12OctTo18Oct'!$J:$J, $A19) -> 1.82 | Z19: =SUMIFS('12OctTo18Oct'!$P:$P, '12OctTo18Oct'!$J:$J, $A19) -> 24.94 | AA19: =IF(Z19=0, 0, Y19/Z19*100) -> 7.297514 | AB19: =SUMIFS('5OctTo11Oct'!$L:$L, '5OctTo11Oct'!$J:$J, $A19) -> 4 | AC19: =SUMIFS('5OctTo11Oct'!$K:$K, '5OctTo11Oct'!$J:$J, $A19) -> 59 | AD19: =SUMIFS('5OctTo11Oct'!$O:$O, '5OctTo11Oct'!$J:$J, $A19) -> 14.8 | AE19: =SUMIFS('5OctTo11Oct'!$P:$P, '5OctTo11Oct'!$J:$J, $A19) -> 24.94 | AF19: =IF(AE19=0, 0, AD19/AE19*100) -> 59.342422 | AG19: =SUMIFS('28SepTo4Oct'!$L:$L, '28SepTo4Oct'!$J:$J, $A19) -> 6 | AH19: =SUMIFS('28SepTo4Oct'!$K:$K, '28SepTo4Oct'!$J:$J, $A19) -> 37 | AI19: =SUMIFS('28SepTo4Oct'!$O:$O, '28SepTo4Oct'!$J:$J, $A19) -> 22.48 | AJ19: =SUMIFS('28SepTo4Oct'!$P:$P, '28SepTo4Oct'!$J:$J, $A19) -> 24.94 | AK19: =IF(AJ19=0, 0, AI19/AJ19*100) -> 90.136327 | AL19: =SUMIFS('21SepTo27Sep'!$L:$L, '21SepTo27Sep'!$J:$J, $A19) -> 0 | AM19: =SUMIFS('21SepTo27Sep'!$K:$K, '21SepTo27Sep'!$J:$J, $A19) -> 0 | AN19: =SUMIFS('21SepTo27Sep'!$O:$O, '21SepTo27Sep'!$J:$J, $A19) -> 0 | AO19: =SUMIFS('21SepTo27Sep'!$P:$P, '21SepTo27Sep'!$J:$J, $A19) -> 0 | AP19: =IF(AO19=0, 0, AN19/AO19*100) -> 0 | AQ19: =SUMIFS('14SepTo20Sep'!$L:$L, '14SepTo20Sep'!$J:$J, $A19) -> 1 | AR19: =SUMIFS('14SepTo20Sep'!$K:$K, '14SepTo20Sep'!$J:$J, $A19) -> 3 | AS19: =SUMIFS('14SepTo20Sep'!$O:$O, '14SepTo20Sep'!$J:$J, $A19) -> 4.05 | AT19: =SUMIFS('14SepTo20Sep'!$P:$P, '14SepTo20Sep'!$J:$J, $A19) -> 24.94 | AU19: =IF(AT19=0, 0, AS19/AT19*100) -> 16.238974 | AV19: =SUMIFS('7SepTo13Sep'!$L:$L, '7SepTo13Sep'!$J:$J, $A19) -> 0 | AW19: =SUMIFS('7SepTo13Sep'!$K:$K, '7SepTo13Sep'!$J:$J, $A19) -> 0 | AX19: =SUMIFS('7SepTo13Sep'!$O:$O, '7SepTo13Sep'!$J:$J, $A19) -> 0 | AY19: =SUMIFS('7SepTo13Sep'!$P:$P, '7SepTo13Sep'!$J:$J, $A19) -> 0 | AZ19: =IF(AY19=0, 0, AX19/AY19*100) -> 0 | BA19: =SUMIFS('31AugTo6Sep'!$L:$L, '31AugTo6Sep'!$J:$J, $A19) -> 0 | BB19: =SUMIFS('31AugTo6Sep'!$K:$K, '31AugTo6Sep'!$J:$J, $A19) -> 0 | BC19: =SUMIFS('31AugTo6Sep'!$O:$O, '31AugTo6Sep'!$J:$J, $A19) -> 0 | BD19: =SUMIFS('31AugTo6Sep'!$P:$P, '31AugTo6Sep'!$J:$J, $A19) -> 0 | BE19: =IF(BD19=0, 0, BC19/BD19*100) -> 0 | BF19: =SUMIFS('24AugTo29Aug'!$L:$L, '24AugTo29Aug'!$J:$J, $A19) -> 3 | BG19: =SUMIFS('24AugTo29Aug'!$K:$K, '24AugTo29Aug'!$J:$J, $A19) -> 14 | BH19: =SUMIFS('24AugTo29Aug'!$O:$O, '24AugTo29Aug'!$J:$J, $A19) -> 8.48 | BI19: =SUMIFS('24AugTo29Aug'!$P:$P, '24AugTo29Aug'!$J:$J, $A19) -> 74.82 | BJ19: =IF(BI19=0, 0, BH19/BI19*100) -> 11.333868 | BK19: =SUMIFS('17AugTo21Aug'!$L:$L, '17AugTo21Aug'!$J:$J, $A19) -> 0 | BL19: =SUMIFS('17AugTo21Aug'!$K:$K, '17AugTo21Aug'!$J:$J, $A19) -> 0 | BM19: =SUMIFS('17AugTo21Aug'!$O:$O, '17AugTo21Aug'!$J:$J, $A19) -> 0 | BN19: =SUMIFS('17AugTo21Aug'!$P:$P, '17AugTo21Aug'!$J:$J, $A19) -> 0 | BO19: =IF(BN19=0, 0, BM19/BN19*100) -> 0 | BP19: =SUMIFS('10AugTo16Aug'!$L:$L, '10AugTo16Aug'!$J:$J, $A19) -> 1 | BQ19: =SUMIFS('10AugTo16Aug'!$K:$K, '10AugTo16Aug'!$J:$J, $A19) -> 21 | BR19: =SUMIFS('10AugTo16Aug'!$O:$O, '10AugTo16Aug'!$J:$J, $A19) -> 3.83 | BS19: =SUMIFS('10AugTo16Aug'!$P:$P, '10AugTo16Aug'!$J:$J, $A19) -> 24.94 | BT19: =IF(BS19=0, 0, BR19/BS19*100) -> 15.356856 | BU19: =SUMIFS('3AugTo9Aug'!$L:$L, '3AugTo9Aug'!$J:$J, $A19) -> 4 | BV19: =SUMIFS('3AugTo9Aug'!$K:$K, '3AugTo9Aug'!$J:$J, $A19) -> 121 | BW19: =SUMIFS('3AugTo9Aug'!$O:$O, '3AugTo9Aug'!$J:$J, $A19) -> 2.86 | BX19: =SUMIFS('3AugTo9Aug'!$P:$P, '3AugTo9Aug'!$J:$J, $A19) -> 49.88 | BY19: =IF(BX19=0, 0, BW19/BX19*100) -> 5.733761 | BZ19: =SUMIFS('27JulyTo2Aug'!$L:$L, '27JulyTo2Aug'!$J:$J, $A19) -> 8 | CA19: =SUMIFS('27JulyTo2Aug'!$K:$K, '27JulyTo2Aug'!$J:$J, $A19) -> 68 | CB19: =SUMIFS('27JulyTo2Aug'!$O:$O, '27JulyTo2Aug'!$J:$J, $A19) -> 24.4 | CC19: =SUMIFS('27JulyTo2Aug'!$P:$P, '27JulyTo2Aug'!$J:$J, $A19) -> 49.88 | CD19: =IF(CC19=0, 0, CB19/CC19*100) -> 48.917402
A20: circle of nature saffron | B20: =IF( (E20+J20+O20+T20+Y20)=0, "NO TRAFFIC", IF( (F20+K20+P20+U20+Z20)=0, "CLICKS NO SALES", IF( ((E20+J20+O20+T20+Y20)/(F20+K20+P20+U20+Z20)*100)<=35, "WINNER", "HIGH ACOS" ) ) ) -> WINNER | C20: =SUMIFS('9NovTo15Nov'!$L:$L, '9NovTo15Nov'!$J:$J, $A20) -> 1 | D20: =SUMIFS('9NovTo15Nov'!$K:$K, '9NovTo15Nov'!$J:$J, $A20) -> 2 | E20: =SUMIFS('9NovTo15Nov'!$O:$O, '9NovTo15Nov'!$J:$J, $A20) -> 2.57 | F20: =SUMIFS('9NovTo15Nov'!$P:$P, '9NovTo15Nov'!$J:$J, $A20) -> 21.9 | G20: =IF(F20=0, 0, E20/F20*100) -> 11.73516 | H20: =SUMIFS('2NovTo8Nov'!$L:$L, '2NovTo8Nov'!$J:$J, $A20) -> 2 | I20: =SUMIFS('2NovTo8Nov'!$K:$K, '2NovTo8Nov'!$J:$J, $A20) -> 4 | J20: =SUMIFS('2NovTo8Nov'!$O:$O, '2NovTo8Nov'!$J:$J, $A20) -> 4.99 | K20: =SUMIFS('2NovTo8Nov'!$P:$P, '2NovTo8Nov'!$J:$J, $A20) -> 43.8 | L20: =IF(K20=0, 0, J20/K20*100) -> 11.392694 | M20: =SUMIFS('26OctTo1Nov'!$L:$L, '26OctTo1Nov'!$J:$J, $A20) -> 0 | N20: =SUMIFS('26OctTo1Nov'!$K:$K, '26OctTo1Nov'!$J:$J, $A20) -> 0 | O20: =SUMIFS('26OctTo1Nov'!$O:$O, '26OctTo1Nov'!$J:$J, $A20) -> 0 | P20: =SUMIFS('26OctTo1Nov'!$P:$P, '26OctTo1Nov'!$J:$J, $A20) -> 0 | Q20: =IF(P20=0, 0, O20/P20*100) -> 0 | R20: =SUMIFS('19OctTo25Oct'!$L:$L, '19OctTo25Oct'!$J:$J, $A20) -> 0 | S20: =SUMIFS('19OctTo25Oct'!$K:$K, '19OctTo25Oct'!$J:$J, $A20) -> 0 | T20: =SUMIFS('19OctTo25Oct'!$O:$O, '19OctTo25Oct'!$J:$J, $A20) -> 0 | U20: =SUMIFS('19OctTo25Oct'!$P:$P, '19OctTo25Oct'!$J:$J, $A20) -> 0 | V20: =IF(U20=0, 0, T20/U20*100) -> 0 | W20: =SUMIFS('12OctTo18Oct'!$L:$L, '12OctTo18Oct'!$J:$J, $A20) -> 0 | X20: =SUMIFS('12OctTo18Oct'!$K:$K, '12OctTo18Oct'!$J:$J, $A20) -> 0 | Y20: =SUMIFS('12OctTo18Oct'!$O:$O, '12OctTo18Oct'!$J:$J, $A20) -> 0 | Z20: =SUMIFS('12OctTo18Oct'!$P:$P, '12OctTo18Oct'!$J:$J, $A20) -> 0 | AA20: =IF(Z20=0, 0, Y20/Z20*100) -> 0 | AB20: =SUMIFS('5OctTo11Oct'!$L:$L, '5OctTo11Oct'!$J:$J, $A20) -> 2 | AC20: =SUMIFS('5OctTo11Oct'!$K:$K, '5OctTo11Oct'!$J:$J, $A20) -> 4 | AD20: =SUMIFS('5OctTo11Oct'!$O:$O, '5OctTo11Oct'!$J:$J, $A20) -> 5.07 | AE20: =SUMIFS('5OctTo11Oct'!$P:$P, '5OctTo11Oct'!$J:$J, $A20) -> 43.8 | AF20: =IF(AE20=0, 0, AD20/AE20*100) -> 11.575342 | AG20: =SUMIFS('28SepTo4Oct'!$L:$L, '28SepTo4Oct'!$J:$J, $A20) -> 0 | AH20: =SUMIFS('28SepTo4Oct'!$K:$K, '28SepTo4Oct'!$J:$J, $A20) -> 0 | AI20: =SUMIFS('28SepTo4Oct'!$O:$O, '28SepTo4Oct'!$J:$J, $A20) -> 0 | AJ20: =SUMIFS('28SepTo4Oct'!$P:$P, '28SepTo4Oct'!$J:$J, $A20) -> 0 | AK20: =IF(AJ20=0, 0, AI20/AJ20*100) -> 0 | AL20: =SUMIFS('21SepTo27Sep'!$L:$L, '21SepTo27Sep'!$J:$J, $A20) -> 1 | AM20: =SUMIFS('21SepTo27Sep'!$K:$K, '21SepTo27Sep'!$J:$J, $A20) -> 1 | AN20: =SUMIFS('21SepTo27Sep'!$O:$O, '21SepTo27Sep'!$J:$J, $A20) -> 2.49 | AO20: =SUMIFS('21SepTo27Sep'!$P:$P, '21SepTo27Sep'!$J:$J, $A20) -> 21.9 | AP20: =IF(AO20=0, 0, AN20/AO20*100) -> 11.369863 | AQ20: =SUMIFS('14SepTo20Sep'!$L:$L, '14SepTo20Sep'!$J:$J, $A20) -> 0 | AR20: =SUMIFS('14SepTo20Sep'!$K:$K, '14SepTo20Sep'!$J:$J, $A20) -> 0 | AS20: =SUMIFS('14SepTo20Sep'!$O:$O, '14SepTo20Sep'!$J:$J, $A20) -> 0 | AT20: =SUMIFS('14SepTo20Sep'!$P:$P, '14SepTo20Sep'!$J:$J, $A20) -> 0 | AU20: =IF(AT20=0, 0, AS20/AT20*100) -> 0 | AV20: =SUMIFS('7SepTo13Sep'!$L:$L, '7SepTo13Sep'!$J:$J, $A20) -> 0 | AW20: =SUMIFS('7SepTo13Sep'!$K:$K, '7SepTo13Sep'!$J:$J, $A20) -> 0 | AX20: =SUMIFS('7SepTo13Sep'!$O:$O, '7SepTo13Sep'!$J:$J, $A20) -> 0 | AY20: =SUMIFS('7SepTo13Sep'!$P:$P, '7SepTo13Sep'!$J:$J, $A20) -> 0 | AZ20: =IF(AY20=0, 0, AX20/AY20*100) -> 0 | BA20: =SUMIFS('31AugTo6Sep'!$L:$L, '31AugTo6Sep'!$J:$J, $A20) -> 1 | BB20: =SUMIFS('31AugTo6Sep'!$K:$K, '31AugTo6Sep'!$J:$J, $A20) -> 2 | BC20: =SUMIFS('31AugTo6Sep'!$O:$O, '31AugTo6Sep'!$J:$J, $A20) -> 1.25 | BD20: =SUMIFS('31AugTo6Sep'!$P:$P, '31AugTo6Sep'!$J:$J, $A20) -> 21.9 | BE20: =IF(BD20=0, 0, BC20/BD20*100) -> 5.7077626 | BF20: =SUMIFS('24AugTo29Aug'!$L:$L, '24AugTo29Aug'!$J:$J, $A20) -> 0 | BG20: =SUMIFS('24AugTo29Aug'!$K:$K, '24AugTo29Aug'!$J:$J, $A20) -> 0 | BH20: =SUMIFS('24AugTo29Aug'!$O:$O, '24AugTo29Aug'!$J:$J, $A20) -> 0 | BI20: =SUMIFS('24AugTo29Aug'!$P:$P, '24AugTo29Aug'!$J:$J, $A20) -> 0 | BJ20: =IF(BI20=0, 0, BH20/BI20*100) -> 0 | BK20: =SUMIFS('17AugTo21Aug'!$L:$L, '17AugTo21Aug'!$J:$J, $A20) -> 0 | BL20: =SUMIFS('17AugTo21Aug'!$K:$K, '17AugTo21Aug'!$J:$J, $A20) -> 0 | BM20: =SUMIFS('17AugTo21Aug'!$O:$O, '17AugTo21Aug'!$J:$J, $A20) -> 0 | BN20: =SUMIFS('17AugTo21Aug'!$P:$P, '17AugTo21Aug'!$J:$J, $A20) -> 0 | BO20: =IF(BN20=0, 0, BM20/BN20*100) -> 0 | BP20: =SUMIFS('10AugTo16Aug'!$L:$L, '10AugTo16Aug'!$J:$J, $A20) -> 0 | BQ20: =SUMIFS('10AugTo16Aug'!$K:$K, '10AugTo16Aug'!$J:$J, $A20) -> 0 | BR20: =SUMIFS('10AugTo16Aug'!$O:$O, '10AugTo16Aug'!$J:$J, $A20) -> 0 | BS20: =SUMIFS('10AugTo16Aug'!$P:$P, '10AugTo16Aug'!$J:$J, $A20) -> 0 | BT20: =IF(BS20=0, 0, BR20/BS20*100) -> 0 | BU20: =SUMIFS('3AugTo9Aug'!$L:$L, '3AugTo9Aug'!$J:$J, $A20) -> 0 | BV20: =SUMIFS('3AugTo9Aug'!$K:$K, '3AugTo9Aug'!$J:$J, $A20) -> 0 | BW20: =SUMIFS('3AugTo9Aug'!$O:$O, '3AugTo9Aug'!$J:$J, $A20) -> 0 | BX20: =SUMIFS('3AugTo9Aug'!$P:$P, '3AugTo9Aug'!$J:$J, $A20) -> 0 | BY20: =IF(BX20=0, 0, BW20/BX20*100) -> 0 | BZ20: =SUMIFS('27JulyTo2Aug'!$L:$L, '27JulyTo2Aug'!$J:$J, $A20) -> 0 | CA20: =SUMIFS('27JulyTo2Aug'!$K:$K, '27JulyTo2Aug'!$J:$J, $A20) -> 0 | CB20: =SUMIFS('27JulyTo2Aug'!$O:$O, '27JulyTo2Aug'!$J:$J, $A20) -> 0 | CC20: =SUMIFS('27JulyTo2Aug'!$P:$P, '27JulyTo2Aug'!$J:$J, $A20) -> 0 | CD20: =IF(CC20=0, 0, CB20/CC20*100) -> 0
A21: maca root capsules for women | B21: =IF( (E21+J21+O21+T21+Y21)=0, "NO TRAFFIC", IF( (F21+K21+P21+U21+Z21)=0, "CLICKS NO SALES", IF( ((E21+J21+O21+T21+Y21)/(F21+K21+P21+U21+Z21)*100)<=35, "WINNER", "HIGH ACOS" ) ) ) -> NO TRAFFIC | C21: =SUMIFS('9NovTo15Nov'!$L:$L, '9NovTo15Nov'!$J:$J, $A21) -> 0 | D21: =SUMIFS('9NovTo15Nov'!$K:$K, '9NovTo15Nov'!$J:$J, $A21) -> 0 | E21: =SUMIFS('9NovTo15Nov'!$O:$O, '9NovTo15Nov'!$J:$J, $A21) -> 0 | F21: =SUMIFS('9NovTo15Nov'!$P:$P, '9NovTo15Nov'!$J:$J, $A21) -> 0 | G21: =IF(F21=0, 0, E21/F21*100) -> 0 | H21: =SUMIFS('2NovTo8Nov'!$L:$L, '2NovTo8Nov'!$J:$J, $A21) -> 0 | I21: =SUMIFS('2NovTo8Nov'!$K:$K, '2NovTo8Nov'!$J:$J, $A21) -> 0 | J21: =SUMIFS('2NovTo8Nov'!$O:$O, '2NovTo8Nov'!$J:$J, $A21) -> 0 | K21: =SUMIFS('2NovTo8Nov'!$P:$P, '2NovTo8Nov'!$J:$J, $A21) -> 0 | L21: =IF(K21=0, 0, J21/K21*100) -> 0 | M21: =SUMIFS('26OctTo1Nov'!$L:$L, '26OctTo1Nov'!$J:$J, $A21) -> 0 | N21: =SUMIFS('26OctTo1Nov'!$K:$K, '26OctTo1Nov'!$J:$J, $A21) -> 0 | O21: =SUMIFS('26OctTo1Nov'!$O:$O, '26OctTo1Nov'!$J:$J, $A21) -> 0 | P21: =SUMIFS('26OctTo1Nov'!$P:$P, '26OctTo1Nov'!$J:$J, $A21) -> 0 | Q21: =IF(P21=0, 0, O21/P21*100) -> 0 | R21: =SUMIFS('19OctTo25Oct'!$L:$L, '19OctTo25Oct'!$J:$J, $A21) -> 0 | S21: =SUMIFS('19OctTo25Oct'!$K:$K, '19OctTo25Oct'!$J:$J, $A21) -> 0 | T21: =SUMIFS('19OctTo25Oct'!$O:$O, '19OctTo25Oct'!$J:$J, $A21) -> 0 | U21: =SUMIFS('19OctTo25Oct'!$P:$P, '19OctTo25Oct'!$J:$J, $A21) -> 0 | V21: =IF(U21=0, 0, T21/U21*100) -> 0 | W21: =SUMIFS('12OctTo18Oct'!$L:$L, '12OctTo18Oct'!$J:$J, $A21) -> 0 | X21: =SUMIFS('12OctTo18Oct'!$K:$K, '12OctTo18Oct'!$J:$J, $A21) -> 0 | Y21: =SUMIFS('12OctTo18Oct'!$O:$O, '12OctTo18Oct'!$J:$J, $A21) -> 0 | Z21: =SUMIFS('12OctTo18Oct'!$P:$P, '12OctTo18Oct'!$J:$J, $A21) -> 0 | AA21: =IF(Z21=0, 0, Y21/Z21*100) -> 0 | AB21: =SUMIFS('5OctTo11Oct'!$L:$L, '5OctTo11Oct'!$J:$J, $A21) -> 1 | AC21: =SUMIFS('5OctTo11Oct'!$K:$K, '5OctTo11Oct'!$J:$J, $A21) -> 16 | AD21: =SUMIFS('5OctTo11Oct'!$O:$O, '5OctTo11Oct'!$J:$J, $A21) -> 4.77 | AE21: =SUMIFS('5OctTo11Oct'!$P:$P, '5OctTo11Oct'!$J:$J, $A21) -> 19.95 | AF21: =IF(AE21=0, 0, AD21/AE21*100) -> 23.909774 | AG21: =SUMIFS('28SepTo4Oct'!$L:$L, '28SepTo4Oct'!$J:$J, $A21) -> 0 | AH21: =SUMIFS('28SepTo4Oct'!$K:$K, '28SepTo4Oct'!$J:$J, $A21) -> 0 | AI21: =SUMIFS('28SepTo4Oct'!$O:$O, '28SepTo4Oct'!$J:$J, $A21) -> 0 | AJ21: =SUMIFS('28SepTo4Oct'!$P:$P, '28SepTo4Oct'!$J:$J, $A21) -> 0 | AK21: =IF(AJ21=0, 0, AI21/AJ21*100) -> 0 | AL21: =SUMIFS('21SepTo27Sep'!$L:$L, '21SepTo27Sep'!$J:$J, $A21) -> 0 | AM21: =SUMIFS('21SepTo27Sep'!$K:$K, '21SepTo27Sep'!$J:$J, $A21) -> 0 | AN21: =SUMIFS('21SepTo27Sep'!$O:$O, '21SepTo27Sep'!$J:$J, $A21) -> 0 | AO21: =SUMIFS('21SepTo27Sep'!$P:$P, '21SepTo27Sep'!$J:$J, $A21) -> 0 | AP21: =IF(AO21=0, 0, AN21/AO21*100) -> 0 | AQ21: =SUMIFS('14SepTo20Sep'!$L:$L, '14SepTo20Sep'!$J:$J, $A21) -> 0 | AR21: =SUMIFS('14SepTo20Sep'!$K:$K, '14SepTo20Sep'!$J:$J, $A21) -> 0 | AS21: =SUMIFS('14SepTo20Sep'!$O:$O, '14SepTo20Sep'!$J:$J, $A21) -> 0 | AT21: =SUMIFS('14SepTo20Sep'!$P:$P, '14SepTo20Sep'!$J:$J, $A21) -> 0 | AU21: =IF(AT21=0, 0, AS21/AT21*100) -> 0 | AV21: =SUMIFS('7SepTo13Sep'!$L:$L, '7SepTo13Sep'!$J:$J, $A21) -> 0 | AW21: =SUMIFS('7SepTo13Sep'!$K:$K, '7SepTo13Sep'!$J:$J, $A21) -> 0 | AX21: =SUMIFS('7SepTo13Sep'!$O:$O, '7SepTo13Sep'!$J:$J, $A21) -> 0 | AY21: =SUMIFS('7SepTo13Sep'!$P:$P, '7SepTo13Sep'!$J:$J, $A21) -> 0 | AZ21: =IF(AY21=0, 0, AX21/AY21*100) -> 0 | BA21: =SUMIFS('31AugTo6Sep'!$L:$L, '31AugTo6Sep'!$J:$J, $A21) -> 0 | BB21: =SUMIFS('31AugTo6Sep'!$K:$K, '31AugTo6Sep'!$J:$J, $A21) -> 0 | BC21: =SUMIFS('31AugTo6Sep'!$O:$O, '31AugTo6Sep'!$J:$J, $A21) -> 0 | BD21: =SUMIFS('31AugTo6Sep'!$P:$P, '31AugTo6Sep'!$J:$J, $A21) -> 0 | BE21: =IF(BD21=0, 0, BC21/BD21*100) -> 0 | BF21: =SUMIFS('24AugTo29Aug'!$L:$L, '24AugTo29Aug'!$J:$J, $A21) -> 0 | BG21: =SUMIFS('24AugTo29Aug'!$K:$K, '24AugTo29Aug'!$J:$J, $A21) -> 0 | BH21: =SUMIFS('24AugTo29Aug'!$O:$O, '24AugTo29Aug'!$J:$J, $A21) -> 0 | BI21: =SUMIFS('24AugTo29Aug'!$P:$P, '24AugTo29Aug'!$J:$J, $A21) -> 0 | BJ21: =IF(BI21=0, 0, BH21/BI21*100) -> 0 | BK21: =SUMIFS('17AugTo21Aug'!$L:$L, '17AugTo21Aug'!$J:$J, $A21) -> 0 | BL21: =SUMIFS('17AugTo21Aug'!$K:$K, '17AugTo21Aug'!$J:$J, $A21) -> 0 | BM21: =SUMIFS('17AugTo21Aug'!$O:$O, '17AugTo21Aug'!$J:$J, $A21) -> 0 | BN21: =SUMIFS('17AugTo21Aug'!$P:$P, '17AugTo21Aug'!$J:$J, $A21) -> 0 | BO21: =IF(BN21=0, 0, BM21/BN21*100) -> 0 | BP21: =SUMIFS('10AugTo16Aug'!$L:$L, '10AugTo16Aug'!$J:$J, $A21) -> 9 | BQ21: =SUMIFS('10AugTo16Aug'!$K:$K, '10AugTo16Aug'!$J:$J, $A21) -> 1132 | BR21: =SUMIFS('10AugTo16Aug'!$O:$O, '10AugTo16Aug'!$J:$J, $A21) -> 20.7 | BS21: =SUMIFS('10AugTo16Aug'!$P:$P, '10AugTo16Aug'!$J:$J, $A21) -> 49.88 | BT21: =IF(BS21=0, 0, BR21/BS21*100) -> 41.499599 | BU21: =SUMIFS('3AugTo9Aug'!$L:$L, '3AugTo9Aug'!$J:$J, $A21) -> 0 | BV21: =SUMIFS('3AugTo9Aug'!$K:$K, '3AugTo9Aug'!$J:$J, $A21) -> 0 | BW21: =SUMIFS('3AugTo9Aug'!$O:$O, '3AugTo9Aug'!$J:$J, $A21) -> 0 | BX21: =SUMIFS('3AugTo9Aug'!$P:$P, '3AugTo9Aug'!$J:$J, $A21) -> 0 | BY21: =IF(BX21=0, 0, BW21/BX21*100) -> 0 | BZ21: =SUMIFS('27JulyTo2Aug'!$L:$L, '27JulyTo2Aug'!$J:$J, $A21) -> 7 | CA21: =SUMIFS('27JulyTo2Aug'!$K:$K, '27JulyTo2Aug'!$J:$J, $A21) -> 805 | CB21: =SUMIFS('27JulyTo2Aug'!$O:$O, '27JulyTo2Aug'!$J:$J, $A21) -> 16.59 | CC21: =SUMIFS('27JulyTo2Aug'!$P:$P, '27JulyTo2Aug'!$J:$J, $A21) -> 24.94 | CD21: =IF(CC21=0, 0, CB21/CC21*100) -> 66.519647
A22: ashwagandha with maca root | B22: =IF( (E22+J22+O22+T22+Y22)=0, "NO TRAFFIC", IF( (F22+K22+P22+U22+Z22)=0, "CLICKS NO SALES", IF( ((E22+J22+O22+T22+Y22)/(F22+K22+P22+U22+Z22)*100)<=35, "WINNER", "HIGH ACOS" ) ) ) -> NO TRAFFIC | C22: =SUMIFS('9NovTo15Nov'!$L:$L, '9NovTo15Nov'!$J:$J, $A22) -> 0 | D22: =SUMIFS('9NovTo15Nov'!$K:$K, '9NovTo15Nov'!$J:$J, $A22) -> 0 | E22: =SUMIFS('9NovTo15Nov'!$O:$O, '9NovTo15Nov'!$J:$J, $A22) -> 0 | F22: =SUMIFS('9NovTo15Nov'!$P:$P, '9NovTo15Nov'!$J:$J, $A22) -> 0 | G22: =IF(F22=0, 0, E22/F22*100) -> 0 | H22: =SUMIFS('2NovTo8Nov'!$L:$L, '2NovTo8Nov'!$J:$J, $A22) -> 0 | I22: =SUMIFS('2NovTo8Nov'!$K:$K, '2NovTo8Nov'!$J:$J, $A22) -> 0 | J22: =SUMIFS('2NovTo8Nov'!$O:$O, '2NovTo8Nov'!$J:$J, $A22) -> 0 | K22: =SUMIFS('2NovTo8Nov'!$P:$P, '2NovTo8Nov'!$J:$J, $A22) -> 0 | L22: =IF(K22=0, 0, J22/K22*100) -> 0 | M22: =SUMIFS('26OctTo1Nov'!$L:$L, '26OctTo1Nov'!$J:$J, $A22) -> 0 | N22: =SUMIFS('26OctTo1Nov'!$K:$K, '26OctTo1Nov'!$J:$J, $A22) -> 0 | O22: =SUMIFS('26OctTo1Nov'!$O:$O, '26OctTo1Nov'!$J:$J, $A22) -> 0 | P22: =SUMIFS('26OctTo1Nov'!$P:$P, '26OctTo1Nov'!$J:$J, $A22) -> 0 | Q22: =IF(P22=0, 0, O22/P22*100) -> 0 | R22: =SUMIFS('19OctTo25Oct'!$L:$L, '19OctTo25Oct'!$J:$J, $A22) -> 0 | S22: =SUMIFS('19OctTo25Oct'!$K:$K, '19OctTo25Oct'!$J:$J, $A22) -> 0 | T22: =SUMIFS('19OctTo25Oct'!$O:$O, '19OctTo25Oct'!$J:$J, $A22) -> 0 | U22: =SUMIFS('19OctTo25Oct'!$P:$P, '19OctTo25Oct'!$J:$J, $A22) -> 0 | V22: =IF(U22=0, 0, T22/U22*100) -> 0 | W22: =SUMIFS('12OctTo18Oct'!$L:$L, '12OctTo18Oct'!$J:$J, $A22) -> 0 | X22: =SUMIFS('12OctTo18Oct'!$K:$K, '12OctTo18Oct'!$J:$J, $A22) -> 0 | Y22: =SUMIFS('12OctTo18Oct'!$O:$O, '12OctTo18Oct'!$J:$J, $A22) -> 0 | Z22: =SUMIFS('12OctTo18Oct'!$P:$P, '12OctTo18Oct'!$J:$J, $A22) -> 0 | AA22: =IF(Z22=0, 0, Y22/Z22*100) -> 0 | AB22: =SUMIFS('5OctTo11Oct'!$L:$L, '5OctTo11Oct'!$J:$J, $A22) -> 1 | AC22: =SUMIFS('5OctTo11Oct'!$K:$K, '5OctTo11Oct'!$J:$J, $A22) -> 5 | AD22: =SUMIFS('5OctTo11Oct'!$O:$O, '5OctTo11Oct'!$J:$J, $A22) -> 1.89 | AE22: =SUMIFS('5OctTo11Oct'!$P:$P, '5OctTo11Oct'!$J:$J, $A22) -> 24.94 | AF22: =IF(AE22=0, 0, AD22/AE22*100) -> 7.5781877 | AG22: =SUMIFS('28SepTo4Oct'!$L:$L, '28SepTo4Oct'!$J:$J, $A22) -> 0 | AH22: =SUMIFS('28SepTo4Oct'!$K:$K, '28SepTo4Oct'!$J:$J, $A22) -> 0 | AI22: =SUMIFS('28SepTo4Oct'!$O:$O, '28SepTo4Oct'!$J:$J, $A22) -> 0 | AJ22: =SUMIFS('28SepTo4Oct'!$P:$P, '28SepTo4Oct'!$J:$J, $A22) -> 0 | AK22: =IF(AJ22=0, 0, AI22/AJ22*100) -> 0 | AL22: =SUMIFS('21SepTo27Sep'!$L:$L, '21SepTo27Sep'!$J:$J, $A22) -> 0 | AM22: =SUMIFS('21SepTo27Sep'!$K:$K, '21SepTo27Sep'!$J:$J, $A22) -> 0 | AN22: =SUMIFS('21SepTo27Sep'!$O:$O, '21SepTo27Sep'!$J:$J, $A22) -> 0 | AO22: =SUMIFS('21SepTo27Sep'!$P:$P, '21SepTo27Sep'!$J:$J, $A22) -> 0 | AP22: =IF(AO22=0, 0, AN22/AO22*100) -> 0 | AQ22: =SUMIFS('14SepTo20Sep'!$L:$L, '14SepTo20Sep'!$J:$J, $A22) -> 0 | AR22: =SUMIFS('14SepTo20Sep'!$K:$K, '14SepTo20Sep'!$J:$J, $A22) -> 0 | AS22: =SUMIFS('14SepTo20Sep'!$O:$O, '14SepTo20Sep'!$J:$J, $A22) -> 0 | AT22: =SUMIFS('14SepTo20Sep'!$P:$P, '14SepTo20Sep'!$J:$J, $A22) -> 0 | AU22: =IF(AT22=0, 0, AS22/AT22*100) -> 0 | AV22: =SUMIFS('7SepTo13Sep'!$L:$L, '7SepTo13Sep'!$J:$J, $A22) -> 0 | AW22: =SUMIFS('7SepTo13Sep'!$K:$K, '7SepTo13Sep'!$J:$J, $A22) -> 0 | AX22: =SUMIFS('7SepTo13Sep'!$O:$O, '7SepTo13Sep'!$J:$J, $A22) -> 0 | AY22: =SUMIFS('7SepTo13Sep'!$P:$P, '7SepTo13Sep'!$J:$J, $A22) -> 0 | AZ22: =IF(AY22=0, 0, AX22/AY22*100) -> 0 | BA22: =SUMIFS('31AugTo6Sep'!$L:$L, '31AugTo6Sep'!$J:$J, $A22) -> 0 | BB22: =SUMIFS('31AugTo6Sep'!$K:$K, '31AugTo6Sep'!$J:$J, $A22) -> 0 | BC22: =SUMIFS('31AugTo6Sep'!$O:$O, '31AugTo6Sep'!$J:$J, $A22) -> 0 | BD22: =SUMIFS('31AugTo6Sep'!$P:$P, '31AugTo6Sep'!$J:$J, $A22) -> 0 | BE22: =IF(BD22=0, 0, BC22/BD22*100) -> 0 | BF22: =SUMIFS('24AugTo29Aug'!$L:$L, '24AugTo29Aug'!$J:$J, $A22) -> 1 | BG22: =SUMIFS('24AugTo29Aug'!$K:$K, '24AugTo29Aug'!$J:$J, $A22) -> 1 | BH22: =SUMIFS('24AugTo29Aug'!$O:$O, '24AugTo29Aug'!$J:$J, $A22) -> 3.33 | BI22: =SUMIFS('24AugTo29Aug'!$P:$P, '24AugTo29Aug'!$J:$J, $A22) -> 24.94 | BJ22: =IF(BI22=0, 0, BH22/BI22*100) -> 13.352045 | BK22: =SUMIFS('17AugTo21Aug'!$L:$L, '17AugTo21Aug'!$J:$J, $A22) -> 0 | BL22: =SUMIFS('17AugTo21Aug'!$K:$K, '17AugTo21Aug'!$J:$J, $A22) -> 0 | BM22: =SUMIFS('17AugTo21Aug'!$O:$O, '17AugTo21Aug'!$J:$J, $A22) -> 0 | BN22: =SUMIFS('17AugTo21Aug'!$P:$P, '17AugTo21Aug'!$J:$J, $A22) -> 0 | BO22: =IF(BN22=0, 0, BM22/BN22*100) -> 0 | BP22: =SUMIFS('10AugTo16Aug'!$L:$L, '10AugTo16Aug'!$J:$J, $A22) -> 0 | BQ22: =SUMIFS('10AugTo16Aug'!$K:$K, '10AugTo16Aug'!$J:$J, $A22) -> 0 | BR22: =SUMIFS('10AugTo16Aug'!$O:$O, '10AugTo16Aug'!$J:$J, $A22) -> 0 | BS22: =SUMIFS('10AugTo16Aug'!$P:$P, '10AugTo16Aug'!$J:$J, $A22) -> 0 | BT22: =IF(BS22=0, 0, BR22/BS22*100) -> 0 | BU22: =SUMIFS('3AugTo9Aug'!$L:$L, '3AugTo9Aug'!$J:$J, $A22) -> 0 | BV22: =SUMIFS('3AugTo9Aug'!$K:$K, '3AugTo9Aug'!$J:$J, $A22) -> 0 | BW22: =SUMIFS('3AugTo9Aug'!$O:$O, '3AugTo9Aug'!$J:$J, $A22) -> 0 | BX22: =SUMIFS('3AugTo9Aug'!$P:$P, '3AugTo9Aug'!$J:$J, $A22) -> 0 | BY22: =IF(BX22=0, 0, BW22/BX22*100) -> 0 | BZ22: =SUMIFS('27JulyTo2Aug'!$L:$L, '27JulyTo2Aug'!$J:$J, $A22) -> 0 | CA22: =SUMIFS('27JulyTo2Aug'!$K:$K, '27JulyTo2Aug'!$J:$J, $A22) -> 0 | CB22: =SUMIFS('27JulyTo2Aug'!$O:$O, '27JulyTo2Aug'!$J:$J, $A22) -> 0 | CC22: =SUMIFS('27JulyTo2Aug'!$P:$P, '27JulyTo2Aug'!$J:$J, $A22) -> 0 | CD22: =IF(CC22=0, 0, CB22/CC22*100) -> 0
A23: maca and ashwagandha supplement | B23: =IF( (E23+J23+O23+T23+Y23)=0, "NO TRAFFIC", IF( (F23+K23+P23+U23+Z23)=0, "CLICKS NO SALES", IF( ((E23+J23+O23+T23+Y23)/(F23+K23+P23+U23+Z23)*100)<=35, "WINNER", "HIGH ACOS" ) ) ) -> HIGH ACOS | C23: =SUMIFS('9NovTo15Nov'!$L:$L, '9NovTo15Nov'!$J:$J, $A23) -> 0 | D23: =SUMIFS('9NovTo15Nov'!$K:$K, '9NovTo15Nov'!$J:$J, $A23) -> 0 | E23: =SUMIFS('9NovTo15Nov'!$O:$O, '9NovTo15Nov'!$J:$J, $A23) -> 0 | F23: =SUMIFS('9NovTo15Nov'!$P:$P, '9NovTo15Nov'!$J:$J, $A23) -> 0 | G23: =IF(F23=0, 0, E23/F23*100) -> 0 | H23: =SUMIFS('2NovTo8Nov'!$L:$L, '2NovTo8Nov'!$J:$J, $A23) -> 6 | I23: =SUMIFS('2NovTo8Nov'!$K:$K, '2NovTo8Nov'!$J:$J, $A23) -> 37 | J23: =SUMIFS('2NovTo8Nov'!$O:$O, '2NovTo8Nov'!$J:$J, $A23) -> 23.16 | K23: =SUMIFS('2NovTo8Nov'!$P:$P, '2NovTo8Nov'!$J:$J, $A23) -> 49.88 | L23: =IF(K23=0, 0, J23/K23*100) -> 46.431435 | M23: =SUMIFS('26OctTo1Nov'!$L:$L, '26OctTo1Nov'!$J:$J, $A23) -> 0 | N23: =SUMIFS('26OctTo1Nov'!$K:$K, '26OctTo1Nov'!$J:$J, $A23) -> 0 | O23: =SUMIFS('26OctTo1Nov'!$O:$O, '26OctTo1Nov'!$J:$J, $A23) -> 0 | P23: =SUMIFS('26OctTo1Nov'!$P:$P, '26OctTo1Nov'!$J:$J, $A23) -> 0 | Q23: =IF(P23=0, 0, O23/P23*100) -> 0 | R23: =SUMIFS('19OctTo25Oct'!$L:$L, '19OctTo25Oct'!$J:$J, $A23) -> 0 | S23: =SUMIFS('19OctTo25Oct'!$K:$K, '19OctTo25Oct'!$J:$J, $A23) -> 0 | T23: =SUMIFS('19OctTo25Oct'!$O:$O, '19OctTo25Oct'!$J:$J, $A23) -> 0 | U23: =SUMIFS('19OctTo25Oct'!$P:$P, '19OctTo25Oct'!$J:$J, $A23) -> 0 | V23: =IF(U23=0, 0, T23/U23*100) -> 0 | W23: =SUMIFS('12OctTo18Oct'!$L:$L, '12OctTo18Oct'!$J:$J, $A23) -> 3 | X23: =SUMIFS('12OctTo18Oct'!$K:$K, '12OctTo18Oct'!$J:$J, $A23) -> 28 | Y23: =SUMIFS('12OctTo18Oct'!$O:$O, '12OctTo18Oct'!$J:$J, $A23) -> 10.14 | Z23: =SUMIFS('12OctTo18Oct'!$P:$P, '12OctTo18Oct'!$J:$J, $A23) -> 24.94 | AA23: =IF(Z23=0, 0, Y23/Z23*100) -> 40.657578 | AB23: =SUMIFS('5OctTo11Oct'!$L:$L, '5OctTo11Oct'!$J:$J, $A23) -> 1 | AC23: =SUMIFS('5OctTo11Oct'!$K:$K, '5OctTo11Oct'!$J:$J, $A23) -> 4 | AD23: =SUMIFS('5OctTo11Oct'!$O:$O, '5OctTo11Oct'!$J:$J, $A23) -> 3.1 | AE23: =SUMIFS('5OctTo11Oct'!$P:$P, '5OctTo11Oct'!$J:$J, $A23) -> 24.94 | AF23: =IF(AE23=0, 0, AD23/AE23*100) -> 12.429832 | AG23: =SUMIFS('28SepTo4Oct'!$L:$L, '28SepTo4Oct'!$J:$J, $A23) -> 0 | AH23: =SUMIFS('28SepTo4Oct'!$K:$K, '28SepTo4Oct'!$J:$J, $A23) -> 0 | AI23: =SUMIFS('28SepTo4Oct'!$O:$O, '28SepTo4Oct'!$J:$J, $A23) -> 0 | AJ23: =SUMIFS('28SepTo4Oct'!$P:$P, '28SepTo4Oct'!$J:$J, $A23) -> 0 | AK23: =IF(AJ23=0, 0, AI23/AJ23*100) -> 0 | AL23: =SUMIFS('21SepTo27Sep'!$L:$L, '21SepTo27Sep'!$J:$J, $A23) -> 0 | AM23: =SUMIFS('21SepTo27Sep'!$K:$K, '21SepTo27Sep'!$J:$J, $A23) -> 0 | AN23: =SUMIFS('21SepTo27Sep'!$O:$O, '21SepTo27Sep'!$J:$J, $A23) -> 0 | AO23: =SUMIFS('21SepTo27Sep'!$P:$P, '21SepTo27Sep'!$J:$J, $A23) -> 0 | AP23: =IF(AO23=0, 0, AN23/AO23*100) -> 0 | AQ23: =SUMIFS('14SepTo20Sep'!$L:$L, '14SepTo20Sep'!$J:$J, $A23) -> 5 | AR23: =SUMIFS('14SepTo20Sep'!$K:$K, '14SepTo20Sep'!$J:$J, $A23) -> 28 | AS23: =SUMIFS('14SepTo20Sep'!$O:$O, '14SepTo20Sep'!$J:$J, $A23) -> 17.2 | AT23: =SUMIFS('14SepTo20Sep'!$P:$P, '14SepTo20Sep'!$J:$J, $A23) -> 49.88 | AU23: =IF(AT23=0, 0, AS23/AT23*100) -> 34.482759 | AV23: =SUMIFS('7SepTo13Sep'!$L:$L, '7SepTo13Sep'!$J:$J, $A23) -> 0 | AW23: =SUMIFS('7SepTo13Sep'!$K:$K, '7SepTo13Sep'!$J:$J, $A23) -> 0 | AX23: =SUMIFS('7SepTo13Sep'!$O:$O, '7SepTo13Sep'!$J:$J, $A23) -> 0 | AY23: =SUMIFS('7SepTo13Sep'!$P:$P, '7SepTo13Sep'!$J:$J, $A23) -> 0 | AZ23: =IF(AY23=0, 0, AX23/AY23*100) -> 0 | BA23: =SUMIFS('31AugTo6Sep'!$L:$L, '31AugTo6Sep'!$J:$J, $A23) -> 3 | BB23: =SUMIFS('31AugTo6Sep'!$K:$K, '31AugTo6Sep'!$J:$J, $A23) -> 21 | BC23: =SUMIFS('31AugTo6Sep'!$O:$O, '31AugTo6Sep'!$J:$J, $A23) -> 8.78 | BD23: =SUMIFS('31AugTo6Sep'!$P:$P, '31AugTo6Sep'!$J:$J, $A23) -> 49.88 | BE23: =IF(BD23=0, 0, BC23/BD23*100) -> 17.602245 | BF23: =SUMIFS('24AugTo29Aug'!$L:$L, '24AugTo29Aug'!$J:$J, $A23) -> 4 | BG23: =SUMIFS('24AugTo29Aug'!$K:$K, '24AugTo29Aug'!$J:$J, $A23) -> 22 | BH23: =SUMIFS('24AugTo29Aug'!$O:$O, '24AugTo29Aug'!$J:$J, $A23) -> 10.93 | BI23: =SUMIFS('24AugTo29Aug'!$P:$P, '24AugTo29Aug'!$J:$J, $A23) -> 24.94 | BJ23: =IF(BI23=0, 0, BH23/BI23*100) -> 43.82518 | BK23: =SUMIFS('17AugTo21Aug'!$L:$L, '17AugTo21Aug'!$J:$J, $A23) -> 0 | BL23: =SUMIFS('17AugTo21Aug'!$K:$K, '17AugTo21Aug'!$J:$J, $A23) -> 0 | BM23: =SUMIFS('17AugTo21Aug'!$O:$O, '17AugTo21Aug'!$J:$J, $A23) -> 0 | BN23: =SUMIFS('17AugTo21Aug'!$P:$P, '17AugTo21Aug'!$J:$J, $A23) -> 0 | BO23: =IF(BN23=0, 0, BM23/BN23*100) -> 0 | BP23: =SUMIFS('10AugTo16Aug'!$L:$L, '10AugTo16Aug'!$J:$J, $A23) -> 5 | BQ23: =SUMIFS('10AugTo16Aug'!$K:$K, '10AugTo16Aug'!$J:$J, $A23) -> 45 | BR23: =SUMIFS('10AugTo16Aug'!$O:$O, '10AugTo16Aug'!$J:$J, $A23) -> 14.21 | BS23: =SUMIFS('10AugTo16Aug'!$P:$P, '10AugTo16Aug'!$J:$J, $A23) -> 24.94 | BT23: =IF(BS23=0, 0, BR23/BS23*100) -> 56.976744 | BU23: =SUMIFS('3AugTo9Aug'!$L:$L, '3AugTo9Aug'!$J:$J, $A23) -> 0 | BV23: =SUMIFS('3AugTo9Aug'!$K:$K, '3AugTo9Aug'!$J:$J, $A23) -> 0 | BW23: =SUMIFS('3AugTo9Aug'!$O:$O, '3AugTo9Aug'!$J:$J, $A23) -> 0 | BX23: =SUMIFS('3AugTo9Aug'!$P:$P, '3AugTo9Aug'!$J:$J, $A23) -> 0 | BY23: =IF(BX23=0, 0, BW23/BX23*100) -> 0 | BZ23: =SUMIFS('27JulyTo2Aug'!$L:$L, '27JulyTo2Aug'!$J:$J, $A23) -> 12 | CA23: =SUMIFS('27JulyTo2Aug'!$K:$K, '27JulyTo2Aug'!$J:$J, $A23) -> 140 | CB23: =SUMIFS('27JulyTo2Aug'!$O:$O, '27JulyTo2Aug'!$J:$J, $A23) -> 40.92 | CC23: =SUMIFS('27JulyTo2Aug'!$P:$P, '27JulyTo2Aug'!$J:$J, $A23) -> 49.88 | CD23: =IF(CC23=0, 0, CB23/CC23*100) -> 82.036889
A24: saffron magnesium | B24: =IF( (E24+J24+O24+T24+Y24)=0, "NO TRAFFIC", IF( (F24+K24+P24+U24+Z24)=0, "CLICKS NO SALES", IF( ((E24+J24+O24+T24+Y24)/(F24+K24+P24+U24+Z24)*100)<=35, "WINNER", "HIGH ACOS" ) ) ) -> HIGH ACOS | C24: =SUMIFS('9NovTo15Nov'!$L:$L, '9NovTo15Nov'!$J:$J, $A24) -> 0 | D24: =SUMIFS('9NovTo15Nov'!$K:$K, '9NovTo15Nov'!$J:$J, $A24) -> 0 | E24: =SUMIFS('9NovTo15Nov'!$O:$O, '9NovTo15Nov'!$J:$J, $A24) -> 0 | F24: =SUMIFS('9NovTo15Nov'!$P:$P, '9NovTo15Nov'!$J:$J, $A24) -> 0 | G24: =IF(F24=0, 0, E24/F24*100) -> 0 | H24: =SUMIFS('2NovTo8Nov'!$L:$L, '2NovTo8Nov'!$J:$J, $A24) -> 3 | I24: =SUMIFS('2NovTo8Nov'!$K:$K, '2NovTo8Nov'!$J:$J, $A24) -> 12 | J24: =SUMIFS('2NovTo8Nov'!$O:$O, '2NovTo8Nov'!$J:$J, $A24) -> 10.78 | K24: =SUMIFS('2NovTo8Nov'!$P:$P, '2NovTo8Nov'!$J:$J, $A24) -> 21.9 | L24: =IF(K24=0, 0, J24/K24*100) -> 49.223744 | M24: =SUMIFS('26OctTo1Nov'!$L:$L, '26OctTo1Nov'!$J:$J, $A24) -> 0 | N24: =SUMIFS('26OctTo1Nov'!$K:$K, '26OctTo1Nov'!$J:$J, $A24) -> 0 | O24: =SUMIFS('26OctTo1Nov'!$O:$O, '26OctTo1Nov'!$J:$J, $A24) -> 0 | P24: =SUMIFS('26OctTo1Nov'!$P:$P, '26OctTo1Nov'!$J:$J, $A24) -> 0 | Q24: =IF(P24=0, 0, O24/P24*100) -> 0 | R24: =SUMIFS('19OctTo25Oct'!$L:$L, '19OctTo25Oct'!$J:$J, $A24) -> 0 | S24: =SUMIFS('19OctTo25Oct'!$K:$K, '19OctTo25Oct'!$J:$J, $A24) -> 0 | T24: =SUMIFS('19OctTo25Oct'!$O:$O, '19OctTo25Oct'!$J:$J, $A24) -> 0 | U24: =SUMIFS('19OctTo25Oct'!$P:$P, '19OctTo25Oct'!$J:$J, $A24) -> 0 | V24: =IF(U24=0, 0, T24/U24*100) -> 0 | W24: =SUMIFS('12OctTo18Oct'!$L:$L, '12OctTo18Oct'!$J:$J, $A24) -> 0 | X24: =SUMIFS('12OctTo18Oct'!$K:$K, '12OctTo18Oct'!$J:$J, $A24) -> 0 | Y24: =SUMIFS('12OctTo18Oct'!$O:$O, '12OctTo18Oct'!$J:$J, $A24) -> 0 | Z24: =SUMIFS('12OctTo18Oct'!$P:$P, '12OctTo18Oct'!$J:$J, $A24) -> 0 | AA24: =IF(Z24=0, 0, Y24/Z24*100) -> 0 | AB24: =SUMIFS('5OctTo11Oct'!$L:$L, '5OctTo11Oct'!$J:$J, $A24) -> 1 | AC24: =SUMIFS('5OctTo11Oct'!$K:$K, '5OctTo11Oct'!$J:$J, $A24) -> 3 | AD24: =SUMIFS('5OctTo11Oct'!$O:$O, '5OctTo11Oct'!$J:$J, $A24) -> 3.66 | AE24: =SUMIFS('5OctTo11Oct'!$P:$P, '5OctTo11Oct'!$J:$J, $A24) -> 21.9 | AF24: =IF(AE24=0, 0, AD24/AE24*100) -> 16.712329 | AG24: =SUMIFS('28SepTo4Oct'!$L:$L, '28SepTo4Oct'!$J:$J, $A24) -> 0 | AH24: =SUMIFS('28SepTo4Oct'!$K:$K, '28SepTo4Oct'!$J:$J, $A24) -> 0 | AI24: =SUMIFS('28SepTo4Oct'!$O:$O, '28SepTo4Oct'!$J:$J, $A24) -> 0 | AJ24: =SUMIFS('28SepTo4Oct'!$P:$P, '28SepTo4Oct'!$J:$J, $A24) -> 0 | AK24: =IF(AJ24=0, 0, AI24/AJ24*100) -> 0 | AL24: =SUMIFS('21SepTo27Sep'!$L:$L, '21SepTo27Sep'!$J:$J, $A24) -> 0 | AM24: =SUMIFS('21SepTo27Sep'!$K:$K, '21SepTo27Sep'!$J:$J, $A24) -> 0 | AN24: =SUMIFS('21SepTo27Sep'!$O:$O, '21SepTo27Sep'!$J:$J, $A24) -> 0 | AO24: =SUMIFS('21SepTo27Sep'!$P:$P, '21SepTo27Sep'!$J:$J, $A24) -> 0 | AP24: =IF(AO24=0, 0, AN24/AO24*100) -> 0 | AQ24: =SUMIFS('14SepTo20Sep'!$L:$L, '14SepTo20Sep'!$J:$J, $A24) -> 2 | AR24: =SUMIFS('14SepTo20Sep'!$K:$K, '14SepTo20Sep'!$J:$J, $A24) -> 10 | AS24: =SUMIFS('14SepTo20Sep'!$O:$O, '14SepTo20Sep'!$J:$J, $A24) -> 7.93 | AT24: =SUMIFS('14SepTo20Sep'!$P:$P, '14SepTo20Sep'!$J:$J, $A24) -> 21.9 | AU24: =IF(AT24=0, 0, AS24/AT24*100) -> 36.210046 | AV24: =SUMIFS('7SepTo13Sep'!$L:$L, '7SepTo13Sep'!$J:$J, $A24) -> 0 | AW24: =SUMIFS('7SepTo13Sep'!$K:$K, '7SepTo13Sep'!$J:$J, $A24) -> 0 | AX24: =SUMIFS('7SepTo13Sep'!$O:$O, '7SepTo13Sep'!$J:$J, $A24) -> 0 | AY24: =SUMIFS('7SepTo13Sep'!$P:$P, '7SepTo13Sep'!$J:$J, $A24) -> 0 | AZ24: =IF(AY24=0, 0, AX24/AY24*100) -> 0 | BA24: =SUMIFS('31AugTo6Sep'!$L:$L, '31AugTo6Sep'!$J:$J, $A24) -> 0 | BB24: =SUMIFS('31AugTo6Sep'!$K:$K, '31AugTo6Sep'!$J:$J, $A24) -> 0 | BC24: =SUMIFS('31AugTo6Sep'!$O:$O, '31AugTo6Sep'!$J:$J, $A24) -> 0 | BD24: =SUMIFS('31AugTo6Sep'!$P:$P, '31AugTo6Sep'!$J:$J, $A24) -> 0 | BE24: =IF(BD24=0, 0, BC24/BD24*100) -> 0 | BF24: =SUMIFS('24AugTo29Aug'!$L:$L, '24AugTo29Aug'!$J:$J, $A24) -> 3 | BG24: =SUMIFS('24AugTo29Aug'!$K:$K, '24AugTo29Aug'!$J:$J, $A24) -> 12 | BH24: =SUMIFS('24AugTo29Aug'!$O:$O, '24AugTo29Aug'!$J:$J, $A24) -> 10 | BI24: =SUMIFS('24AugTo29Aug'!$P:$P, '24AugTo29Aug'!$J:$J, $A24) -> 21.95 | BJ24: =IF(BI24=0, 0, BH24/BI24*100) -> 45.558087 | BK24: =SUMIFS('17AugTo21Aug'!$L:$L, '17AugTo21Aug'!$J:$J, $A24) -> 1 | BL24: =SUMIFS('17AugTo21Aug'!$K:$K, '17AugTo21Aug'!$J:$J, $A24) -> 2 | BM24: =SUMIFS('17AugTo21Aug'!$O:$O, '17AugTo21Aug'!$J:$J, $A24) -> 2.04 | BN24: =SUMIFS('17AugTo21Aug'!$P:$P, '17AugTo21Aug'!$J:$J, $A24) -> 21.95 | BO24: =IF(BN24=0, 0, BM24/BN24*100) -> 9.2938497 | BP24: =SUMIFS('10AugTo16Aug'!$L:$L, '10AugTo16Aug'!$J:$J, $A24) -> 0 | BQ24: =SUMIFS('10AugTo16Aug'!$K:$K, '10AugTo16Aug'!$J:$J, $A24) -> 0 | BR24: =SUMIFS('10AugTo16Aug'!$O:$O, '10AugTo16Aug'!$J:$J, $A24) -> 0 | BS24: =SUMIFS('10AugTo16Aug'!$P:$P, '10AugTo16Aug'!$J:$J, $A24) -> 0 | BT24: =IF(BS24=0, 0, BR24/BS24*100) -> 0 | BU24: =SUMIFS('3AugTo9Aug'!$L:$L, '3AugTo9Aug'!$J:$J, $A24) -> 0 | BV24: =SUMIFS('3AugTo9Aug'!$K:$K, '3AugTo9Aug'!$J:$J, $A24) -> 0 | BW24: =SUMIFS('3AugTo9Aug'!$O:$O, '3AugTo9Aug'!$J:$J, $A24) -> 0 | BX24: =SUMIFS('3AugTo9Aug'!$P:$P, '3AugTo9Aug'!$J:$J, $A24) -> 0 | BY24: =IF(BX24=0, 0, BW24/BX24*100) -> 0 | BZ24: =SUMIFS('27JulyTo2Aug'!$L:$L, '27JulyTo2Aug'!$J:$J, $A24) -> 0 | CA24: =SUMIFS('27JulyTo2Aug'!$K:$K, '27JulyTo2Aug'!$J:$J, $A24) -> 0 | CB24: =SUMIFS('27JulyTo2Aug'!$O:$O, '27JulyTo2Aug'!$J:$J, $A24) -> 0 | CC24: =SUMIFS('27JulyTo2Aug'!$P:$P, '27JulyTo2Aug'!$J:$J, $A24) -> 0 | CD24: =IF(CC24=0, 0, CB24/CC24*100) -> 0
A25: saffron magnesium supplements | B25: =IF( (E25+J25+O25+T25+Y25)=0, "NO TRAFFIC", IF( (F25+K25+P25+U25+Z25)=0, "CLICKS NO SALES", IF( ((E25+J25+O25+T25+Y25)/(F25+K25+P25+U25+Z25)*100)<=35, "WINNER", "HIGH ACOS" ) ) ) -> WINNER | C25: =SUMIFS('9NovTo15Nov'!$L:$L, '9NovTo15Nov'!$J:$J, $A25) -> 1 | D25: =SUMIFS('9NovTo15Nov'!$K:$K, '9NovTo15Nov'!$J:$J, $A25) -> 1 | E25: =SUMIFS('9NovTo15Nov'!$O:$O, '9NovTo15Nov'!$J:$J, $A25) -> 2.97 | F25: =SUMIFS('9NovTo15Nov'!$P:$P, '9NovTo15Nov'!$J:$J, $A25) -> 43.8 | G25: =IF(F25=0, 0, E25/F25*100) -> 6.7808219 | H25: =SUMIFS('2NovTo8Nov'!$L:$L, '2NovTo8Nov'!$J:$J, $A25) -> 0 | I25: =SUMIFS('2NovTo8Nov'!$K:$K, '2NovTo8Nov'!$J:$J, $A25) -> 0 | J25: =SUMIFS('2NovTo8Nov'!$O:$O, '2NovTo8Nov'!$J:$J, $A25) -> 0 | K25: =SUMIFS('2NovTo8Nov'!$P:$P, '2NovTo8Nov'!$J:$J, $A25) -> 0 | L25: =IF(K25=0, 0, J25/K25*100) -> 0 | M25: =SUMIFS('26OctTo1Nov'!$L:$L, '26OctTo1Nov'!$J:$J, $A25) -> 0 | N25: =SUMIFS('26OctTo1Nov'!$K:$K, '26OctTo1Nov'!$J:$J, $A25) -> 0 | O25: =SUMIFS('26OctTo1Nov'!$O:$O, '26OctTo1Nov'!$J:$J, $A25) -> 0 | P25: =SUMIFS('26OctTo1Nov'!$P:$P, '26OctTo1Nov'!$J:$J, $A25) -> 0 | Q25: =IF(P25=0, 0, O25/P25*100) -> 0 | R25: =SUMIFS('19OctTo25Oct'!$L:$L, '19OctTo25Oct'!$J:$J, $A25) -> 0 | S25: =SUMIFS('19OctTo25Oct'!$K:$K, '19OctTo25Oct'!$J:$J, $A25) -> 0 | T25: =SUMIFS('19OctTo25Oct'!$O:$O, '19OctTo25Oct'!$J:$J, $A25) -> 0 | U25: =SUMIFS('19OctTo25Oct'!$P:$P, '19OctTo25Oct'!$J:$J, $A25) -> 0 | V25: =IF(U25=0, 0, T25/U25*100) -> 0 | W25: =SUMIFS('12OctTo18Oct'!$L:$L, '12OctTo18Oct'!$J:$J, $A25) -> 0 | X25: =SUMIFS('12OctTo18Oct'!$K:$K, '12OctTo18Oct'!$J:$J, $A25) -> 0 | Y25: =SUMIFS('12OctTo18Oct'!$O:$O, '12OctTo18Oct'!$J:$J, $A25) -> 0 | Z25: =SUMIFS('12OctTo18Oct'!$P:$P, '12OctTo18Oct'!$J:$J, $A25) -> 0 | AA25: =IF(Z25=0, 0, Y25/Z25*100) -> 0 | AB25: =SUMIFS('5OctTo11Oct'!$L:$L, '5OctTo11Oct'!$J:$J, $A25) -> 1 | AC25: =SUMIFS('5OctTo11Oct'!$K:$K, '5OctTo11Oct'!$J:$J, $A25) -> 1 | AD25: =SUMIFS('5OctTo11Oct'!$O:$O, '5OctTo11Oct'!$J:$J, $A25) -> 3.58 | AE25: =SUMIFS('5OctTo11Oct'!$P:$P, '5OctTo11Oct'!$J:$J, $A25) -> 17.52 | AF25: =IF(AE25=0, 0, AD25/AE25*100) -> 20.43379 | AG25: =SUMIFS('28SepTo4Oct'!$L:$L, '28SepTo4Oct'!$J:$J, $A25) -> 0 | AH25: =SUMIFS('28SepTo4Oct'!$K:$K, '28SepTo4Oct'!$J:$J, $A25) -> 0 | AI25: =SUMIFS('28SepTo4Oct'!$O:$O, '28SepTo4Oct'!$J:$J, $A25) -> 0 | AJ25: =SUMIFS('28SepTo4Oct'!$P:$P, '28SepTo4Oct'!$J:$J, $A25) -> 0 | AK25: =IF(AJ25=0, 0, AI25/AJ25*100) -> 0 | AL25: =SUMIFS('21SepTo27Sep'!$L:$L, '21SepTo27Sep'!$J:$J, $A25) -> 0 | AM25: =SUMIFS('21SepTo27Sep'!$K:$K, '21SepTo27Sep'!$J:$J, $A25) -> 0 | AN25: =SUMIFS('21SepTo27Sep'!$O:$O, '21SepTo27Sep'!$J:$J, $A25) -> 0 | AO25: =SUMIFS('21SepTo27Sep'!$P:$P, '21SepTo27Sep'!$J:$J, $A25) -> 0 | AP25: =IF(AO25=0, 0, AN25/AO25*100) -> 0 | AQ25: =SUMIFS('14SepTo20Sep'!$L:$L, '14SepTo20Sep'!$J:$J, $A25) -> 0 | AR25: =SUMIFS('14SepTo20Sep'!$K:$K, '14SepTo20Sep'!$J:$J, $A25) -> 0 | AS25: =SUMIFS('14SepTo20Sep'!$O:$O, '14SepTo20Sep'!$J:$J, $A25) -> 0 | AT25: =SUMIFS('14SepTo20Sep'!$P:$P, '14SepTo20Sep'!$J:$J, $A25) -> 0 | AU25: =IF(AT25=0, 0, AS25/AT25*100) -> 0 | AV25: =SUMIFS('7SepTo13Sep'!$L:$L, '7SepTo13Sep'!$J:$J, $A25) -> 0 | AW25: =SUMIFS('7SepTo13Sep'!$K:$K, '7SepTo13Sep'!$J:$J, $A25) -> 0 | AX25: =SUMIFS('7SepTo13Sep'!$O:$O, '7SepTo13Sep'!$J:$J, $A25) -> 0 | AY25: =SUMIFS('7SepTo13Sep'!$P:$P, '7SepTo13Sep'!$J:$J, $A25) -> 0 | AZ25: =IF(AY25=0, 0, AX25/AY25*100) -> 0 | BA25: =SUMIFS('31AugTo6Sep'!$L:$L, '31AugTo6Sep'!$J:$J, $A25) -> 2 | BB25: =SUMIFS('31AugTo6Sep'!$K:$K, '31AugTo6Sep'!$J:$J, $A25) -> 3 | BC25: =SUMIFS('31AugTo6Sep'!$O:$O, '31AugTo6Sep'!$J:$J, $A25) -> 6.74 | BD25: =SUMIFS('31AugTo6Sep'!$P:$P, '31AugTo6Sep'!$J:$J, $A25) -> 43.8 | BE25: =IF(BD25=0, 0, BC25/BD25*100) -> 15.388128 | BF25: =SUMIFS('24AugTo29Aug'!$L:$L, '24AugTo29Aug'!$J:$J, $A25) -> 0 | BG25: =SUMIFS('24AugTo29Aug'!$K:$K, '24AugTo29Aug'!$J:$J, $A25) -> 0 | BH25: =SUMIFS('24AugTo29Aug'!$O:$O, '24AugTo29Aug'!$J:$J, $A25) -> 0 | BI25: =SUMIFS('24AugTo29Aug'!$P:$P, '24AugTo29Aug'!$J:$J, $A25) -> 0 | BJ25: =IF(BI25=0, 0, BH25/BI25*100) -> 0 | BK25: =SUMIFS('17AugTo21Aug'!$L:$L, '17AugTo21Aug'!$J:$J, $A25) -> 5 | BL25: =SUMIFS('17AugTo21Aug'!$K:$K, '17AugTo21Aug'!$J:$J, $A25) -> 104 | BM25: =SUMIFS('17AugTo21Aug'!$O:$O, '17AugTo21Aug'!$J:$J, $A25) -> 27.29 | BN25: =SUMIFS('17AugTo21Aug'!$P:$P, '17AugTo21Aug'!$J:$J, $A25) -> 43.9 | BO25: =IF(BN25=0, 0, BM25/BN25*100) -> 62.164009 | BP25: =SUMIFS('10AugTo16Aug'!$L:$L, '10AugTo16Aug'!$J:$J, $A25) -> 0 | BQ25: =SUMIFS('10AugTo16Aug'!$K:$K, '10AugTo16Aug'!$J:$J, $A25) -> 0 | BR25: =SUMIFS('10AugTo16Aug'!$O:$O, '10AugTo16Aug'!$J:$J, $A25) -> 0 | BS25: =SUMIFS('10AugTo16Aug'!$P:$P, '10AugTo16Aug'!$J:$J, $A25) -> 0 | BT25: =IF(BS25=0, 0, BR25/BS25*100) -> 0 | BU25: =SUMIFS('3AugTo9Aug'!$L:$L, '3AugTo9Aug'!$J:$J, $A25) -> 2 | BV25: =SUMIFS('3AugTo9Aug'!$K:$K, '3AugTo9Aug'!$J:$J, $A25) -> 24 | BW25: =SUMIFS('3AugTo9Aug'!$O:$O, '3AugTo9Aug'!$J:$J, $A25) -> 9.91 | BX25: =SUMIFS('3AugTo9Aug'!$P:$P, '3AugTo9Aug'!$J:$J, $A25) -> 24.95 | BY25: =IF(BX25=0, 0, BW25/BX25*100) -> 39.719439 | BZ25: =SUMIFS('27JulyTo2Aug'!$L:$L, '27JulyTo2Aug'!$J:$J, $A25) -> 0 | CA25: =SUMIFS('27JulyTo2Aug'!$K:$K, '27JulyTo2Aug'!$J:$J, $A25) -> 0 | CB25: =SUMIFS('27JulyTo2Aug'!$O:$O, '27JulyTo2Aug'!$J:$J, $A25) -> 0 | CC25: =SUMIFS('27JulyTo2Aug'!$P:$P, '27JulyTo2Aug'!$J:$J, $A25) -> 0 | CD25: =IF(CC25=0, 0, CB25/CC25*100) -> 0
A26: maca vitamins for women | B26: =IF( (E26+J26+O26+T26+Y26)=0, "NO TRAFFIC", IF( (F26+K26+P26+U26+Z26)=0, "CLICKS NO SALES", IF( ((E26+J26+O26+T26+Y26)/(F26+K26+P26+U26+Z26)*100)<=35, "WINNER", "HIGH ACOS" ) ) ) -> NO TRAFFIC | C26: =SUMIFS('9NovTo15Nov'!$L:$L, '9NovTo15Nov'!$J:$J, $A26) -> 0 | D26: =SUMIFS('9NovTo15Nov'!$K:$K, '9NovTo15Nov'!$J:$J, $A26) -> 0 | E26: =SUMIFS('9NovTo15Nov'!$O:$O, '9NovTo15Nov'!$J:$J, $A26) -> 0 | F26: =SUMIFS('9NovTo15Nov'!$P:$P, '9NovTo15Nov'!$J:$J, $A26) -> 0 | G26: =IF(F26=0, 0, E26/F26*100) -> 0 | H26: =SUMIFS('2NovTo8Nov'!$L:$L, '2NovTo8Nov'!$J:$J, $A26) -> 0 | I26: =SUMIFS('2NovTo8Nov'!$K:$K, '2NovTo8Nov'!$J:$J, $A26) -> 0 | J26: =SUMIFS('2NovTo8Nov'!$O:$O, '2NovTo8Nov'!$J:$J, $A26) -> 0 | K26: =SUMIFS('2NovTo8Nov'!$P:$P, '2NovTo8Nov'!$J:$J, $A26) -> 0 | L26: =IF(K26=0, 0, J26/K26*100) -> 0 | M26: =SUMIFS('26OctTo1Nov'!$L:$L, '26OctTo1Nov'!$J:$J, $A26) -> 0 | N26: =SUMIFS('26OctTo1Nov'!$K:$K, '26OctTo1Nov'!$J:$J, $A26) -> 0 | O26: =SUMIFS('26OctTo1Nov'!$O:$O, '26OctTo1Nov'!$J:$J, $A26) -> 0 | P26: =SUMIFS('26OctTo1Nov'!$P:$P, '26OctTo1Nov'!$J:$J, $A26) -> 0 | Q26: =IF(P26=0, 0, O26/P26*100) -> 0 | R26: =SUMIFS('19OctTo25Oct'!$L:$L, '19OctTo25Oct'!$J:$J, $A26) -> 0 | S26: =SUMIFS('19OctTo25Oct'!$K:$K, '19OctTo25Oct'!$J:$J, $A26) -> 0 | T26: =SUMIFS('19OctTo25Oct'!$O:$O, '19OctTo25Oct'!$J:$J, $A26) -> 0 | U26: =SUMIFS('19OctTo25Oct'!$P:$P, '19OctTo25Oct'!$J:$J, $A26) -> 0 | V26: =IF(U26=0, 0, T26/U26*100) -> 0 | W26: =SUMIFS('12OctTo18Oct'!$L:$L, '12OctTo18Oct'!$J:$J, $A26) -> 0 | X26: =SUMIFS('12OctTo18Oct'!$K:$K, '12OctTo18Oct'!$J:$J, $A26) -> 0 | Y26: =SUMIFS('12OctTo18Oct'!$O:$O, '12OctTo18Oct'!$J:$J, $A26) -> 0 | Z26: =SUMIFS('12OctTo18Oct'!$P:$P, '12OctTo18Oct'!$J:$J, $A26) -> 0 | AA26: =IF(Z26=0, 0, Y26/Z26*100) -> 0 | AB26: =SUMIFS('5OctTo11Oct'!$L:$L, '5OctTo11Oct'!$J:$J, $A26) -> 1 | AC26: =SUMIFS('5OctTo11Oct'!$K:$K, '5OctTo11Oct'!$J:$J, $A26) -> 1 | AD26: =SUMIFS('5OctTo11Oct'!$O:$O, '5OctTo11Oct'!$J:$J, $A26) -> 3.16 | AE26: =SUMIFS('5OctTo11Oct'!$P:$P, '5OctTo11Oct'!$J:$J, $A26) -> 24.94 | AF26: =IF(AE26=0, 0, AD26/AE26*100) -> 12.670409 | AG26: =SUMIFS('28SepTo4Oct'!$L:$L, '28SepTo4Oct'!$J:$J, $A26) -> 0 | AH26: =SUMIFS('28SepTo4Oct'!$K:$K, '28SepTo4Oct'!$J:$J, $A26) -> 0 | AI26: =SUMIFS('28SepTo4Oct'!$O:$O, '28SepTo4Oct'!$J:$J, $A26) -> 0 | AJ26: =SUMIFS('28SepTo4Oct'!$P:$P, '28SepTo4Oct'!$J:$J, $A26) -> 0 | AK26: =IF(AJ26=0, 0, AI26/AJ26*100) -> 0 | AL26: =SUMIFS('21SepTo27Sep'!$L:$L, '21SepTo27Sep'!$J:$J, $A26) -> 0 | AM26: =SUMIFS('21SepTo27Sep'!$K:$K, '21SepTo27Sep'!$J:$J, $A26) -> 0 | AN26: =SUMIFS('21SepTo27Sep'!$O:$O, '21SepTo27Sep'!$J:$J, $A26) -> 0 | AO26: =SUMIFS('21SepTo27Sep'!$P:$P, '21SepTo27Sep'!$J:$J, $A26) -> 0 | AP26: =IF(AO26=0, 0, AN26/AO26*100) -> 0 | AQ26: =SUMIFS('14SepTo20Sep'!$L:$L, '14SepTo20Sep'!$J:$J, $A26) -> 0 | AR26: =SUMIFS('14SepTo20Sep'!$K:$K, '14SepTo20Sep'!$J:$J, $A26) -> 0 | AS26: =SUMIFS('14SepTo20Sep'!$O:$O, '14SepTo20Sep'!$J:$J, $A26) -> 0 | AT26: =SUMIFS('14SepTo20Sep'!$P:$P, '14SepTo20Sep'!$J:$J, $A26) -> 0 | AU26: =IF(AT26=0, 0, AS26/AT26*100) -> 0 | AV26: =SUMIFS('7SepTo13Sep'!$L:$L, '7SepTo13Sep'!$J:$J, $A26) -> 0 | AW26: =SUMIFS('7SepTo13Sep'!$K:$K, '7SepTo13Sep'!$J:$J, $A26) -> 0 | AX26: =SUMIFS('7SepTo13Sep'!$O:$O, '7SepTo13Sep'!$J:$J, $A26) -> 0 | AY26: =SUMIFS('7SepTo13Sep'!$P:$P, '7SepTo13Sep'!$J:$J, $A26) -> 0 | AZ26: =IF(AY26=0, 0, AX26/AY26*100) -> 0 | BA26: =SUMIFS('31AugTo6Sep'!$L:$L, '31AugTo6Sep'!$J:$J, $A26) -> 0 | BB26: =SUMIFS('31AugTo6Sep'!$K:$K, '31AugTo6Sep'!$J:$J, $A26) -> 0 | BC26: =SUMIFS('31AugTo6Sep'!$O:$O, '31AugTo6Sep'!$J:$J, $A26) -> 0 | BD26: =SUMIFS('31AugTo6Sep'!$P:$P, '31AugTo6Sep'!$J:$J, $A26) -> 0 | BE26: =IF(BD26=0, 0, BC26/BD26*100) -> 0 | BF26: =SUMIFS('24AugTo29Aug'!$L:$L, '24AugTo29Aug'!$J:$J, $A26) -> 0 | BG26: =SUMIFS('24AugTo29Aug'!$K:$K, '24AugTo29Aug'!$J:$J, $A26) -> 0 | BH26: =SUMIFS('24AugTo29Aug'!$O:$O, '24AugTo29Aug'!$J:$J, $A26) -> 0 | BI26: =SUMIFS('24AugTo29Aug'!$P:$P, '24AugTo29Aug'!$J:$J, $A26) -> 0 | BJ26: =IF(BI26=0, 0, BH26/BI26*100) -> 0 | BK26: =SUMIFS('17AugTo21Aug'!$L:$L, '17AugTo21Aug'!$J:$J, $A26) -> 0 | BL26: =SUMIFS('17AugTo21Aug'!$K:$K, '17AugTo21Aug'!$J:$J, $A26) -> 0 | BM26: =SUMIFS('17AugTo21Aug'!$O:$O, '17AugTo21Aug'!$J:$J, $A26) -> 0 | BN26: =SUMIFS('17AugTo21Aug'!$P:$P, '17AugTo21Aug'!$J:$J, $A26) -> 0 | BO26: =IF(BN26=0, 0, BM26/BN26*100) -> 0 | BP26: =SUMIFS('10AugTo16Aug'!$L:$L, '10AugTo16Aug'!$J:$J, $A26) -> 0 | BQ26: =SUMIFS('10AugTo16Aug'!$K:$K, '10AugTo16Aug'!$J:$J, $A26) -> 0 | BR26: =SUMIFS('10AugTo16Aug'!$O:$O, '10AugTo16Aug'!$J:$J, $A26) -> 0 | BS26: =SUMIFS('10AugTo16Aug'!$P:$P, '10AugTo16Aug'!$J:$J, $A26) -> 0 | BT26: =IF(BS26=0, 0, BR26/BS26*100) -> 0 | BU26: =SUMIFS('3AugTo9Aug'!$L:$L, '3AugTo9Aug'!$J:$J, $A26) -> 2 | BV26: =SUMIFS('3AugTo9Aug'!$K:$K, '3AugTo9Aug'!$J:$J, $A26) -> 12 | BW26: =SUMIFS('3AugTo9Aug'!$O:$O, '3AugTo9Aug'!$J:$J, $A26) -> 4.76 | BX26: =SUMIFS('3AugTo9Aug'!$P:$P, '3AugTo9Aug'!$J:$J, $A26) -> 24.94 | BY26: =IF(BX26=0, 0, BW26/BX26*100) -> 19.085806 | BZ26: =SUMIFS('27JulyTo2Aug'!$L:$L, '27JulyTo2Aug'!$J:$J, $A26) -> 0 | CA26: =SUMIFS('27JulyTo2Aug'!$K:$K, '27JulyTo2Aug'!$J:$J, $A26) -> 0 | CB26: =SUMIFS('27JulyTo2Aug'!$O:$O, '27JulyTo2Aug'!$J:$J, $A26) -> 0 | CC26: =SUMIFS('27JulyTo2Aug'!$P:$P, '27JulyTo2Aug'!$J:$J, $A26) -> 0 | CD26: =IF(CC26=0, 0, CB26/CC26*100) -> 0
A27: maca roots and ashwagandha | B27: =IF( (E27+J27+O27+T27+Y27)=0, "NO TRAFFIC", IF( (F27+K27+P27+U27+Z27)=0, "CLICKS NO SALES", IF( ((E27+J27+O27+T27+Y27)/(F27+K27+P27+U27+Z27)*100)<=35, "WINNER", "HIGH ACOS" ) ) ) -> WINNER | C27: =SUMIFS('9NovTo15Nov'!$L:$L, '9NovTo15Nov'!$J:$J, $A27) -> 0 | D27: =SUMIFS('9NovTo15Nov'!$K:$K, '9NovTo15Nov'!$J:$J, $A27) -> 0 | E27: =SUMIFS('9NovTo15Nov'!$O:$O, '9NovTo15Nov'!$J:$J, $A27) -> 0 | F27: =SUMIFS('9NovTo15Nov'!$P:$P, '9NovTo15Nov'!$J:$J, $A27) -> 0 | G27: =IF(F27=0, 0, E27/F27*100) -> 0 | H27: =SUMIFS('2NovTo8Nov'!$L:$L, '2NovTo8Nov'!$J:$J, $A27) -> 0 | I27: =SUMIFS('2NovTo8Nov'!$K:$K, '2NovTo8Nov'!$J:$J, $A27) -> 0 | J27: =SUMIFS('2NovTo8Nov'!$O:$O, '2NovTo8Nov'!$J:$J, $A27) -> 0 | K27: =SUMIFS('2NovTo8Nov'!$P:$P, '2NovTo8Nov'!$J:$J, $A27) -> 0 | L27: =IF(K27=0, 0, J27/K27*100) -> 0 | M27: =SUMIFS('26OctTo1Nov'!$L:$L, '26OctTo1Nov'!$J:$J, $A27) -> 0 | N27: =SUMIFS('26OctTo1Nov'!$K:$K, '26OctTo1Nov'!$J:$J, $A27) -> 0 | O27: =SUMIFS('26OctTo1Nov'!$O:$O, '26OctTo1Nov'!$J:$J, $A27) -> 0 | P27: =SUMIFS('26OctTo1Nov'!$P:$P, '26OctTo1Nov'!$J:$J, $A27) -> 0 | Q27: =IF(P27=0, 0, O27/P27*100) -> 0 | R27: =SUMIFS('19OctTo25Oct'!$L:$L, '19OctTo25Oct'!$J:$J, $A27) -> 1 | S27: =SUMIFS('19OctTo25Oct'!$K:$K, '19OctTo25Oct'!$J:$J, $A27) -> 1 | T27: =SUMIFS('19OctTo25Oct'!$O:$O, '19OctTo25Oct'!$J:$J, $A27) -> 2.08 | U27: =SUMIFS('19OctTo25Oct'!$P:$P, '19OctTo25Oct'!$J:$J, $A27) -> 24.94 | V27: =IF(U27=0, 0, T27/U27*100) -> 8.340016 | W27: =SUMIFS('12OctTo18Oct'!$L:$L, '12OctTo18Oct'!$J:$J, $A27) -> 0 | X27: =SUMIFS('12OctTo18Oct'!$K:$K, '12OctTo18Oct'!$J:$J, $A27) -> 0 | Y27: =SUMIFS('12OctTo18Oct'!$O:$O, '12OctTo18Oct'!$J:$J, $A27) -> 0 | Z27: =SUMIFS('12OctTo18Oct'!$P:$P, '12OctTo18Oct'!$J:$J, $A27) -> 0 | AA27: =IF(Z27=0, 0, Y27/Z27*100) -> 0 | AB27: =SUMIFS('5OctTo11Oct'!$L:$L, '5OctTo11Oct'!$J:$J, $A27) -> 0 | AC27: =SUMIFS('5OctTo11Oct'!$K:$K, '5OctTo11Oct'!$J:$J, $A27) -> 0 | AD27: =SUMIFS('5OctTo11Oct'!$O:$O, '5OctTo11Oct'!$J:$J, $A27) -> 0 | AE27: =SUMIFS('5OctTo11Oct'!$P:$P, '5OctTo11Oct'!$J:$J, $A27) -> 0 | AF27: =IF(AE27=0, 0, AD27/AE27*100) -> 0 | AG27: =SUMIFS('28SepTo4Oct'!$L:$L, '28SepTo4Oct'!$J:$J, $A27) -> 0 | AH27: =SUMIFS('28SepTo4Oct'!$K:$K, '28SepTo4Oct'!$J:$J, $A27) -> 0 | AI27: =SUMIFS('28SepTo4Oct'!$O:$O, '28SepTo4Oct'!$J:$J, $A27) -> 0 | AJ27: =SUMIFS('28SepTo4Oct'!$P:$P, '28SepTo4Oct'!$J:$J, $A27) -> 0 | AK27: =IF(AJ27=0, 0, AI27/AJ27*100) -> 0 | AL27: =SUMIFS('21SepTo27Sep'!$L:$L, '21SepTo27Sep'!$J:$J, $A27) -> 0 | AM27: =SUMIFS('21SepTo27Sep'!$K:$K, '21SepTo27Sep'!$J:$J, $A27) -> 0 | AN27: =SUMIFS('21SepTo27Sep'!$O:$O, '21SepTo27Sep'!$J:$J, $A27) -> 0 | AO27: =SUMIFS('21SepTo27Sep'!$P:$P, '21SepTo27Sep'!$J:$J, $A27) -> 0 | AP27: =IF(AO27=0, 0, AN27/AO27*100) -> 0 | AQ27: =SUMIFS('14SepTo20Sep'!$L:$L, '14SepTo20Sep'!$J:$J, $A27) -> 0 | AR27: =SUMIFS('14SepTo20Sep'!$K:$K, '14SepTo20Sep'!$J:$J, $A27) -> 0 | AS27: =SUMIFS('14SepTo20Sep'!$O:$O, '14SepTo20Sep'!$J:$J, $A27) -> 0 | AT27: =SUMIFS('14SepTo20Sep'!$P:$P, '14SepTo20Sep'!$J:$J, $A27) -> 0 | AU27: =IF(AT27=0, 0, AS27/AT27*100) -> 0 | AV27: =SUMIFS('7SepTo13Sep'!$L:$L, '7SepTo13Sep'!$J:$J, $A27) -> 0 | AW27: =SUMIFS('7SepTo13Sep'!$K:$K, '7SepTo13Sep'!$J:$J, $A27) -> 0 | AX27: =SUMIFS('7SepTo13Sep'!$O:$O, '7SepTo13Sep'!$J:$J, $A27) -> 0 | AY27: =SUMIFS('7SepTo13Sep'!$P:$P, '7SepTo13Sep'!$J:$J, $A27) -> 0 | AZ27: =IF(AY27=0, 0, AX27/AY27*100) -> 0 | BA27: =SUMIFS('31AugTo6Sep'!$L:$L, '31AugTo6Sep'!$J:$J, $A27) -> 0 | BB27: =SUMIFS('31AugTo6Sep'!$K:$K, '31AugTo6Sep'!$J:$J, $A27) -> 0 | BC27: =SUMIFS('31AugTo6Sep'!$O:$O, '31AugTo6Sep'!$J:$J, $A27) -> 0 | BD27: =SUMIFS('31AugTo6Sep'!$P:$P, '31AugTo6Sep'!$J:$J, $A27) -> 0 | BE27: =IF(BD27=0, 0, BC27/BD27*100) -> 0 | BF27: =SUMIFS('24AugTo29Aug'!$L:$L, '24AugTo29Aug'!$J:$J, $A27) -> 0 | BG27: =SUMIFS('24AugTo29Aug'!$K:$K, '24AugTo29Aug'!$J:$J, $A27) -> 0 | BH27: =SUMIFS('24AugTo29Aug'!$O:$O, '24AugTo29Aug'!$J:$J, $A27) -> 0 | BI27: =SUMIFS('24AugTo29Aug'!$P:$P, '24AugTo29Aug'!$J:$J, $A27) -> 0 | BJ27: =IF(BI27=0, 0, BH27/BI27*100) -> 0 | BK27: =SUMIFS('17AugTo21Aug'!$L:$L, '17AugTo21Aug'!$J:$J, $A27) -> 0 | BL27: =SUMIFS('17AugTo21Aug'!$K:$K, '17AugTo21Aug'!$J:$J, $A27) -> 0 | BM27: =SUMIFS('17AugTo21Aug'!$O:$O, '17AugTo21Aug'!$J:$J, $A27) -> 0 | BN27: =SUMIFS('17AugTo21Aug'!$P:$P, '17AugTo21Aug'!$J:$J, $A27) -> 0 | BO27: =IF(BN27=0, 0, BM27/BN27*100) -> 0 | BP27: =SUMIFS('10AugTo16Aug'!$L:$L, '10AugTo16Aug'!$J:$J, $A27) -> 2 | BQ27: =SUMIFS('10AugTo16Aug'!$K:$K, '10AugTo16Aug'!$J:$J, $A27) -> 4 | BR27: =SUMIFS('10AugTo16Aug'!$O:$O, '10AugTo16Aug'!$J:$J, $A27) -> 5.25 | BS27: =SUMIFS('10AugTo16Aug'!$P:$P, '10AugTo16Aug'!$J:$J, $A27) -> 24.94 | BT27: =IF(BS27=0, 0, BR27/BS27*100) -> 21.050521 | BU27: =SUMIFS('3AugTo9Aug'!$L:$L, '3AugTo9Aug'!$J:$J, $A27) -> 0 | BV27: =SUMIFS('3AugTo9Aug'!$K:$K, '3AugTo9Aug'!$J:$J, $A27) -> 0 | BW27: =SUMIFS('3AugTo9Aug'!$O:$O, '3AugTo9Aug'!$J:$J, $A27) -> 0 | BX27: =SUMIFS('3AugTo9Aug'!$P:$P, '3AugTo9Aug'!$J:$J, $A27) -> 0 | BY27: =IF(BX27=0, 0, BW27/BX27*100) -> 0 | BZ27: =SUMIFS('27JulyTo2Aug'!$L:$L, '27JulyTo2Aug'!$J:$J, $A27) -> 0 | CA27: =SUMIFS('27JulyTo2Aug'!$K:$K, '27JulyTo2Aug'!$J:$J, $A27) -> 0 | CB27: =SUMIFS('27JulyTo2Aug'!$O:$O, '27JulyTo2Aug'!$J:$J, $A27) -> 0 | CC27: =SUMIFS('27JulyTo2Aug'!$P:$P, '27JulyTo2Aug'!$J:$J, $A27) -> 0 | CD27: =IF(CC27=0, 0, CB27/CC27*100) -> 0
A28: ashwagandha and magnesium | B28: =IF( (E28+J28+O28+T28+Y28)=0, "NO TRAFFIC", IF( (F28+K28+P28+U28+Z28)=0, "CLICKS NO SALES", IF( ((E28+J28+O28+T28+Y28)/(F28+K28+P28+U28+Z28)*100)<=35, "WINNER", "HIGH ACOS" ) ) ) -> HIGH ACOS | C28: =SUMIFS('9NovTo15Nov'!$L:$L, '9NovTo15Nov'!$J:$J, $A28) -> 2 | D28: =SUMIFS('9NovTo15Nov'!$K:$K, '9NovTo15Nov'!$J:$J, $A28) -> 16 | E28: =SUMIFS('9NovTo15Nov'!$O:$O, '9NovTo15Nov'!$J:$J, $A28) -> 8.77 | F28: =SUMIFS('9NovTo15Nov'!$P:$P, '9NovTo15Nov'!$J:$J, $A28) -> 21.9 | G28: =IF(F28=0, 0, E28/F28*100) -> 40.045662 | H28: =SUMIFS('2NovTo8Nov'!$L:$L, '2NovTo8Nov'!$J:$J, $A28) -> 0 | I28: =SUMIFS('2NovTo8Nov'!$K:$K, '2NovTo8Nov'!$J:$J, $A28) -> 0 | J28: =SUMIFS('2NovTo8Nov'!$O:$O, '2NovTo8Nov'!$J:$J, $A28) -> 0 | K28: =SUMIFS('2NovTo8Nov'!$P:$P, '2NovTo8Nov'!$J:$J, $A28) -> 0 | L28: =IF(K28=0, 0, J28/K28*100) -> 0 | M28: =SUMIFS('26OctTo1Nov'!$L:$L, '26OctTo1Nov'!$J:$J, $A28) -> 0 | N28: =SUMIFS('26OctTo1Nov'!$K:$K, '26OctTo1Nov'!$J:$J, $A28) -> 0 | O28: =SUMIFS('26OctTo1Nov'!$O:$O, '26OctTo1Nov'!$J:$J, $A28) -> 0 | P28: =SUMIFS('26OctTo1Nov'!$P:$P, '26OctTo1Nov'!$J:$J, $A28) -> 0 | Q28: =IF(P28=0, 0, O28/P28*100) -> 0 | R28: =SUMIFS('19OctTo25Oct'!$L:$L, '19OctTo25Oct'!$J:$J, $A28) -> 0 | S28: =SUMIFS('19OctTo25Oct'!$K:$K, '19OctTo25Oct'!$J:$J, $A28) -> 0 | T28: =SUMIFS('19OctTo25Oct'!$O:$O, '19OctTo25Oct'!$J:$J, $A28) -> 0 | U28: =SUMIFS('19OctTo25Oct'!$P:$P, '19OctTo25Oct'!$J:$J, $A28) -> 0 | V28: =IF(U28=0, 0, T28/U28*100) -> 0 | W28: =SUMIFS('12OctTo18Oct'!$L:$L, '12OctTo18Oct'!$J:$J, $A28) -> 0 | X28: =SUMIFS('12OctTo18Oct'!$K:$K, '12OctTo18Oct'!$J:$J, $A28) -> 0 | Y28: =SUMIFS('12OctTo18Oct'!$O:$O, '12OctTo18Oct'!$J:$J, $A28) -> 0 | Z28: =SUMIFS('12OctTo18Oct'!$P:$P, '12OctTo18Oct'!$J:$J, $A28) -> 0 | AA28: =IF(Z28=0, 0, Y28/Z28*100) -> 0 | AB28: =SUMIFS('5OctTo11Oct'!$L:$L, '5OctTo11Oct'!$J:$J, $A28) -> 0 | AC28: =SUMIFS('5OctTo11Oct'!$K:$K, '5OctTo11Oct'!$J:$J, $A28) -> 0 | AD28: =SUMIFS('5OctTo11Oct'!$O:$O, '5OctTo11Oct'!$J:$J, $A28) -> 0 | AE28: =SUMIFS('5OctTo11Oct'!$P:$P, '5OctTo11Oct'!$J:$J, $A28) -> 0 | AF28: =IF(AE28=0, 0, AD28/AE28*100) -> 0 | AG28: =SUMIFS('28SepTo4Oct'!$L:$L, '28SepTo4Oct'!$J:$J, $A28) -> 2 | AH28: =SUMIFS('28SepTo4Oct'!$K:$K, '28SepTo4Oct'!$J:$J, $A28) -> 68 | AI28: =SUMIFS('28SepTo4Oct'!$O:$O, '28SepTo4Oct'!$J:$J, $A28) -> 9.85 | AJ28: =SUMIFS('28SepTo4Oct'!$P:$P, '28SepTo4Oct'!$J:$J, $A28) -> 21.9 | AK28: =IF(AJ28=0, 0, AI28/AJ28*100) -> 44.977169 | AL28: =SUMIFS('21SepTo27Sep'!$L:$L, '21SepTo27Sep'!$J:$J, $A28) -> 7 | AM28: =SUMIFS('21SepTo27Sep'!$K:$K, '21SepTo27Sep'!$J:$J, $A28) -> 112 | AN28: =SUMIFS('21SepTo27Sep'!$O:$O, '21SepTo27Sep'!$J:$J, $A28) -> 25.35 | AO28: =SUMIFS('21SepTo27Sep'!$P:$P, '21SepTo27Sep'!$J:$J, $A28) -> 21.9 | AP28: =IF(AO28=0, 0, AN28/AO28*100) -> 115.75342 | AQ28: =SUMIFS('14SepTo20Sep'!$L:$L, '14SepTo20Sep'!$J:$J, $A28) -> 0 | AR28: =SUMIFS('14SepTo20Sep'!$K:$K, '14SepTo20Sep'!$J:$J, $A28) -> 0 | AS28: =SUMIFS('14SepTo20Sep'!$O:$O, '14SepTo20Sep'!$J:$J, $A28) -> 0 | AT28: =SUMIFS('14SepTo20Sep'!$P:$P, '14SepTo20Sep'!$J:$J, $A28) -> 0 | AU28: =IF(AT28=0, 0, AS28/AT28*100) -> 0 | AV28: =SUMIFS('7SepTo13Sep'!$L:$L, '7SepTo13Sep'!$J:$J, $A28) -> 0 | AW28: =SUMIFS('7SepTo13Sep'!$K:$K, '7SepTo13Sep'!$J:$J, $A28) -> 0 | AX28: =SUMIFS('7SepTo13Sep'!$O:$O, '7SepTo13Sep'!$J:$J, $A28) -> 0 | AY28: =SUMIFS('7SepTo13Sep'!$P:$P, '7SepTo13Sep'!$J:$J, $A28) -> 0 | AZ28: =IF(AY28=0, 0, AX28/AY28*100) -> 0 | BA28: =SUMIFS('31AugTo6Sep'!$L:$L, '31AugTo6Sep'!$J:$J, $A28) -> 0 | BB28: =SUMIFS('31AugTo6Sep'!$K:$K, '31AugTo6Sep'!$J:$J, $A28) -> 0 | BC28: =SUMIFS('31AugTo6Sep'!$O:$O, '31AugTo6Sep'!$J:$J, $A28) -> 0 | BD28: =SUMIFS('31AugTo6Sep'!$P:$P, '31AugTo6Sep'!$J:$J, $A28) -> 0 | BE28: =IF(BD28=0, 0, BC28/BD28*100) -> 0 | BF28: =SUMIFS('24AugTo29Aug'!$L:$L, '24AugTo29Aug'!$J:$J, $A28) -> 0 | BG28: =SUMIFS('24AugTo29Aug'!$K:$K, '24AugTo29Aug'!$J:$J, $A28) -> 0 | BH28: =SUMIFS('24AugTo29Aug'!$O:$O, '24AugTo29Aug'!$J:$J, $A28) -> 0 | BI28: =SUMIFS('24AugTo29Aug'!$P:$P, '24AugTo29Aug'!$J:$J, $A28) -> 0 | BJ28: =IF(BI28=0, 0, BH28/BI28*100) -> 0 | BK28: =SUMIFS('17AugTo21Aug'!$L:$L, '17AugTo21Aug'!$J:$J, $A28) -> 0 | BL28: =SUMIFS('17AugTo21Aug'!$K:$K, '17AugTo21Aug'!$J:$J, $A28) -> 0 | BM28: =SUMIFS('17AugTo21Aug'!$O:$O, '17AugTo21Aug'!$J:$J, $A28) -> 0 | BN28: =SUMIFS('17AugTo21Aug'!$P:$P, '17AugTo21Aug'!$J:$J, $A28) -> 0 | BO28: =IF(BN28=0, 0, BM28/BN28*100) -> 0 | BP28: =SUMIFS('10AugTo16Aug'!$L:$L, '10AugTo16Aug'!$J:$J, $A28) -> 0 | BQ28: =SUMIFS('10AugTo16Aug'!$K:$K, '10AugTo16Aug'!$J:$J, $A28) -> 0 | BR28: =SUMIFS('10AugTo16Aug'!$O:$O, '10AugTo16Aug'!$J:$J, $A28) -> 0 | BS28: =SUMIFS('10AugTo16Aug'!$P:$P, '10AugTo16Aug'!$J:$J, $A28) -> 0 | BT28: =IF(BS28=0, 0, BR28/BS28*100) -> 0 | BU28: =SUMIFS('3AugTo9Aug'!$L:$L, '3AugTo9Aug'!$J:$J, $A28) -> 0 | BV28: =SUMIFS('3AugTo9Aug'!$K:$K, '3AugTo9Aug'!$J:$J, $A28) -> 0 | BW28: =SUMIFS('3AugTo9Aug'!$O:$O, '3AugTo9Aug'!$J:$J, $A28) -> 0 | BX28: =SUMIFS('3AugTo9Aug'!$P:$P, '3AugTo9Aug'!$J:$J, $A28) -> 0 | BY28: =IF(BX28=0, 0, BW28/BX28*100) -> 0 | BZ28: =SUMIFS('27JulyTo2Aug'!$L:$L, '27JulyTo2Aug'!$J:$J, $A28) -> 0 | CA28: =SUMIFS('27JulyTo2Aug'!$K:$K, '27JulyTo2Aug'!$J:$J, $A28) -> 0 | CB28: =SUMIFS('27JulyTo2Aug'!$O:$O, '27JulyTo2Aug'!$J:$J, $A28) -> 0 | CC28: =SUMIFS('27JulyTo2Aug'!$P:$P, '27JulyTo2Aug'!$J:$J, $A28) -> 0 | CD28: =IF(CC28=0, 0, CB28/CC28*100) -> 0
A29: maca 2000mg | B29: =IF( (E29+J29+O29+T29+Y29)=0, "NO TRAFFIC", IF( (F29+K29+P29+U29+Z29)=0, "CLICKS NO SALES", IF( ((E29+J29+O29+T29+Y29)/(F29+K29+P29+U29+Z29)*100)<=35, "WINNER", "HIGH ACOS" ) ) ) -> NO TRAFFIC | C29: =SUMIFS('9NovTo15Nov'!$L:$L, '9NovTo15Nov'!$J:$J, $A29) -> 0 | D29: =SUMIFS('9NovTo15Nov'!$K:$K, '9NovTo15Nov'!$J:$J, $A29) -> 0 | E29: =SUMIFS('9NovTo15Nov'!$O:$O, '9NovTo15Nov'!$J:$J, $A29) -> 0 | F29: =SUMIFS('9NovTo15Nov'!$P:$P, '9NovTo15Nov'!$J:$J, $A29) -> 0 | G29: =IF(F29=0, 0, E29/F29*100) -> 0 | H29: =SUMIFS('2NovTo8Nov'!$L:$L, '2NovTo8Nov'!$J:$J, $A29) -> 0 | I29: =SUMIFS('2NovTo8Nov'!$K:$K, '2NovTo8Nov'!$J:$J, $A29) -> 0 | J29: =SUMIFS('2NovTo8Nov'!$O:$O, '2NovTo8Nov'!$J:$J, $A29) -> 0 | K29: =SUMIFS('2NovTo8Nov'!$P:$P, '2NovTo8Nov'!$J:$J, $A29) -> 0 | L29: =IF(K29=0, 0, J29/K29*100) -> 0 | M29: =SUMIFS('26OctTo1Nov'!$L:$L, '26OctTo1Nov'!$J:$J, $A29) -> 0 | N29: =SUMIFS('26OctTo1Nov'!$K:$K, '26OctTo1Nov'!$J:$J, $A29) -> 0 | O29: =SUMIFS('26OctTo1Nov'!$O:$O, '26OctTo1Nov'!$J:$J, $A29) -> 0 | P29: =SUMIFS('26OctTo1Nov'!$P:$P, '26OctTo1Nov'!$J:$J, $A29) -> 0 | Q29: =IF(P29=0, 0, O29/P29*100) -> 0 | R29: =SUMIFS('19OctTo25Oct'!$L:$L, '19OctTo25Oct'!$J:$J, $A29) -> 0 | S29: =SUMIFS('19OctTo25Oct'!$K:$K, '19OctTo25Oct'!$J:$J, $A29) -> 0 | T29: =SUMIFS('19OctTo25Oct'!$O:$O, '19OctTo25Oct'!$J:$J, $A29) -> 0 | U29: =SUMIFS('19OctTo25Oct'!$P:$P, '19OctTo25Oct'!$J:$J, $A29) -> 0 | V29: =IF(U29=0, 0, T29/U29*100) -> 0 | W29: =SUMIFS('12OctTo18Oct'!$L:$L, '12OctTo18Oct'!$J:$J, $A29) -> 0 | X29: =SUMIFS('12OctTo18Oct'!$K:$K, '12OctTo18Oct'!$J:$J, $A29) -> 0 | Y29: =SUMIFS('12OctTo18Oct'!$O:$O, '12OctTo18Oct'!$J:$J, $A29) -> 0 | Z29: =SUMIFS('12OctTo18Oct'!$P:$P, '12OctTo18Oct'!$J:$J, $A29) -> 0 | AA29: =IF(Z29=0, 0, Y29/Z29*100) -> 0 | AB29: =SUMIFS('5OctTo11Oct'!$L:$L, '5OctTo11Oct'!$J:$J, $A29) -> 0 | AC29: =SUMIFS('5OctTo11Oct'!$K:$K, '5OctTo11Oct'!$J:$J, $A29) -> 0 | AD29: =SUMIFS('5OctTo11Oct'!$O:$O, '5OctTo11Oct'!$J:$J, $A29) -> 0 | AE29: =SUMIFS('5OctTo11Oct'!$P:$P, '5OctTo11Oct'!$J:$J, $A29) -> 0 | AF29: =IF(AE29=0, 0, AD29/AE29*100) -> 0 | AG29: =SUMIFS('28SepTo4Oct'!$L:$L, '28SepTo4Oct'!$J:$J, $A29) -> 0 | AH29: =SUMIFS('28SepTo4Oct'!$K:$K, '28SepTo4Oct'!$J:$J, $A29) -> 0 | AI29: =SUMIFS('28SepTo4Oct'!$O:$O, '28SepTo4Oct'!$J:$J, $A29) -> 0 | AJ29: =SUMIFS('28SepTo4Oct'!$P:$P, '28SepTo4Oct'!$J:$J, $A29) -> 0 | AK29: =IF(AJ29=0, 0, AI29/AJ29*100) -> 0 | AL29: =SUMIFS('21SepTo27Sep'!$L:$L, '21SepTo27Sep'!$J:$J, $A29) -> 1 | AM29: =SUMIFS('21SepTo27Sep'!$K:$K, '21SepTo27Sep'!$J:$J, $A29) -> 1 | AN29: =SUMIFS('21SepTo27Sep'!$O:$O, '21SepTo27Sep'!$J:$J, $A29) -> 4.42 | AO29: =SUMIFS('21SepTo27Sep'!$P:$P, '21SepTo27Sep'!$J:$J, $A29) -> 24.94 | AP29: =IF(AO29=0, 0, AN29/AO29*100) -> 17.722534 | AQ29: =SUMIFS('14SepTo20Sep'!$L:$L, '14SepTo20Sep'!$J:$J, $A29) -> 0 | AR29: =SUMIFS('14SepTo20Sep'!$K:$K, '14SepTo20Sep'!$J:$J, $A29) -> 0 | AS29: =SUMIFS('14SepTo20Sep'!$O:$O, '14SepTo20Sep'!$J:$J, $A29) -> 0 | AT29: =SUMIFS('14SepTo20Sep'!$P:$P, '14SepTo20Sep'!$J:$J, $A29) -> 0 | AU29: =IF(AT29=0, 0, AS29/AT29*100) -> 0 | AV29: =SUMIFS('7SepTo13Sep'!$L:$L, '7SepTo13Sep'!$J:$J, $A29) -> 0 | AW29: =SUMIFS('7SepTo13Sep'!$K:$K, '7SepTo13Sep'!$J:$J, $A29) -> 0 | AX29: =SUMIFS('7SepTo13Sep'!$O:$O, '7SepTo13Sep'!$J:$J, $A29) -> 0 | AY29: =SUMIFS('7SepTo13Sep'!$P:$P, '7SepTo13Sep'!$J:$J, $A29) -> 0 | AZ29: =IF(AY29=0, 0, AX29/AY29*100) -> 0 | BA29: =SUMIFS('31AugTo6Sep'!$L:$L, '31AugTo6Sep'!$J:$J, $A29) -> 0 | BB29: =SUMIFS('31AugTo6Sep'!$K:$K, '31AugTo6Sep'!$J:$J, $A29) -> 0 | BC29: =SUMIFS('31AugTo6Sep'!$O:$O, '31AugTo6Sep'!$J:$J, $A29) -> 0 | BD29: =SUMIFS('31AugTo6Sep'!$P:$P, '31AugTo6Sep'!$J:$J, $A29) -> 0 | BE29: =IF(BD29=0, 0, BC29/BD29*100) -> 0 | BF29: =SUMIFS('24AugTo29Aug'!$L:$L, '24AugTo29Aug'!$J:$J, $A29) -> 0 | BG29: =SUMIFS('24AugTo29Aug'!$K:$K, '24AugTo29Aug'!$J:$J, $A29) -> 0 | BH29: =SUMIFS('24AugTo29Aug'!$O:$O, '24AugTo29Aug'!$J:$J, $A29) -> 0 | BI29: =SUMIFS('24AugTo29Aug'!$P:$P, '24AugTo29Aug'!$J:$J, $A29) -> 0 | BJ29: =IF(BI29=0, 0, BH29/BI29*100) -> 0 | BK29: =SUMIFS('17AugTo21Aug'!$L:$L, '17AugTo21Aug'!$J:$J, $A29) -> 0 | BL29: =SUMIFS('17AugTo21Aug'!$K:$K, '17AugTo21Aug'!$J:$J, $A29) -> 0 | BM29: =SUMIFS('17AugTo21Aug'!$O:$O, '17AugTo21Aug'!$J:$J, $A29) -> 0 | BN29: =SUMIFS('17AugTo21Aug'!$P:$P, '17AugTo21Aug'!$J:$J, $A29) -> 0 | BO29: =IF(BN29=0, 0, BM29/BN29*100) -> 0 | BP29: =SUMIFS('10AugTo16Aug'!$L:$L, '10AugTo16Aug'!$J:$J, $A29) -> 0 | BQ29: =SUMIFS('10AugTo16Aug'!$K:$K, '10AugTo16Aug'!$J:$J, $A29) -> 0 | BR29: =SUMIFS('10AugTo16Aug'!$O:$O, '10AugTo16Aug'!$J:$J, $A29) -> 0 | BS29: =SUMIFS('10AugTo16Aug'!$P:$P, '10AugTo16Aug'!$J:$J, $A29) -> 0 | BT29: =IF(BS29=0, 0, BR29/BS29*100) -> 0 | BU29: =SUMIFS('3AugTo9Aug'!$L:$L, '3AugTo9Aug'!$J:$J, $A29) -> 0 | BV29: =SUMIFS('3AugTo9Aug'!$K:$K, '3AugTo9Aug'!$J:$J, $A29) -> 0 | BW29: =SUMIFS('3AugTo9Aug'!$O:$O, '3AugTo9Aug'!$J:$J, $A29) -> 0 | BX29: =SUMIFS('3AugTo9Aug'!$P:$P, '3AugTo9Aug'!$J:$J, $A29) -> 0 | BY29: =IF(BX29=0, 0, BW29/BX29*100) -> 0 | BZ29: =SUMIFS('27JulyTo2Aug'!$L:$L, '27JulyTo2Aug'!$J:$J, $A29) -> 0 | CA29: =SUMIFS('27JulyTo2Aug'!$K:$K, '27JulyTo2Aug'!$J:$J, $A29) -> 0 | CB29: =SUMIFS('27JulyTo2Aug'!$O:$O, '27JulyTo2Aug'!$J:$J, $A29) -> 0 | CC29: =SUMIFS('27JulyTo2Aug'!$P:$P, '27JulyTo2Aug'!$J:$J, $A29) -> 0 | CD29: =IF(CC29=0, 0, CB29/CC29*100) -> 0
... A218: tongkat ali ashwagandha maca root gummies | B218: =IF( (E218+J218+O218+T218+Y218)=0, "NO TRAFFIC", IF( (F218+K218+P218+U218+Z218)=0, "CLICKS NO SALES", IF( ((E218+J218+O218+T218+Y218)/(F218+K218+P218+U218+Z218)*100)<=35, "WINNER", "HIGH ACOS" ) ) ) -> NO TRAFFIC | C218: =SUMIFS('9NovTo15Nov'!$L:$L, '9NovTo15Nov'!$J:$J, $A218) -> 0 | D218: =SUMIFS('9NovTo15Nov'!$K:$K, '9NovTo15Nov'!$J:$J, $A218) -> 0 | E218: =SUMIFS('9NovTo15Nov'!$O:$O, '9NovTo15Nov'!$J:$J, $A218) -> 0 | F218: =SUMIFS('9NovTo15Nov'!$P:$P, '9NovTo15Nov'!$J:$J, $A218) -> 0 | G218: =IF(F218=0, 0, E218/F218*100) -> 0 | H218: =SUMIFS('2NovTo8Nov'!$L:$L, '2NovTo8Nov'!$J:$J, $A218) -> 0 | I218: =SUMIFS('2NovTo8Nov'!$K:$K, '2NovTo8Nov'!$J:$J, $A218) -> 0 | J218: =SUMIFS('2NovTo8Nov'!$O:$O, '2NovTo8Nov'!$J:$J, $A218) -> 0 | K218: =SUMIFS('2NovTo8Nov'!$P:$P, '2NovTo8Nov'!$J:$J, $A218) -> 0 | L218: =IF(K218=0, 0, J218/K218*100) -> 0 | M218: =SUMIFS('26OctTo1Nov'!$L:$L, '26OctTo1Nov'!$J:$J, $A218) -> 0 | N218: =SUMIFS('26OctTo1Nov'!$K:$K, '26OctTo1Nov'!$J:$J, $A218) -> 0 | O218: =SUMIFS('26OctTo1Nov'!$O:$O, '26OctTo1Nov'!$J:$J, $A218) -> 0 | P218: =SUMIFS('26OctTo1Nov'!$P:$P, '26OctTo1Nov'!$J:$J, $A218) -> 0 | Q218: =IF(P218=0, 0, O218/P218*100) -> 0 | R218: =SUMIFS('19OctTo25Oct'!$L:$L, '19OctTo25Oct'!$J:$J, $A218) -> 0 | S218: =SUMIFS('19OctTo25Oct'!$K:$K, '19OctTo25Oct'!$J:$J, $A218) -> 0 | T218: =SUMIFS('19OctTo25Oct'!$O:$O, '19OctTo25Oct'!$J:$J, $A218) -> 0 | U218: =SUMIFS('19OctTo25Oct'!$P:$P, '19OctTo25Oct'!$J:$J, $A218) -> 0 | V218: =IF(U218=0, 0, T218/U218*100) -> 0 | W218: =SUMIFS('12OctTo18Oct'!$L:$L, '12OctTo18Oct'!$J:$J, $A218) -> 0 | X218: =SUMIFS('12OctTo18Oct'!$K:$K, '12OctTo18Oct'!$J:$J, $A218) -> 0 | Y218: =SUMIFS('12OctTo18Oct'!$O:$O, '12OctTo18Oct'!$J:$J, $A218) -> 0 | Z218: =SUMIFS('12OctTo18Oct'!$P:$P, '12OctTo18Oct'!$J:$J, $A218) -> 0 | AA218: =IF(Z218=0, 0, Y218/Z218*100) -> 0 | AB218: =SUMIFS('5OctTo11Oct'!$L:$L, '5OctTo11Oct'!$J:$J, $A218) -> 0 | AC218: =SUMIFS('5OctTo11Oct'!$K:$K, '5OctTo11Oct'!$J:$J, $A218) -> 0 | AD218: =SUMIFS('5OctTo11Oct'!$O:$O, '5OctTo11Oct'!$J:$J, $A218) -> 0 | AE218: =SUMIFS('5OctTo11Oct'!$P:$P, '5OctTo11Oct'!$J:$J, $A218) -> 0 | AF218: =IF(AE218=0, 0, AD218/AE218*100) -> 0 | AG218: =SUMIFS('28SepTo4Oct'!$L:$L, '28SepTo4Oct'!$J:$J, $A218) -> 0 | AH218: =SUMIFS('28SepTo4Oct'!$K:$K, '28SepTo4Oct'!$J:$J, $A218) -> 0 | AI218: =SUMIFS('28SepTo4Oct'!$O:$O, '28SepTo4Oct'!$J:$J, $A218) -> 0 | AJ218: =SUMIFS('28SepTo4Oct'!$P:$P, '28SepTo4Oct'!$J:$J, $A218) -> 0 | AK218: =IF(AJ218=0, 0, AI218/AJ218*100) -> 0 | AL218: =SUMIFS('21SepTo27Sep'!$L:$L, '21SepTo27Sep'!$J:$J, $A218) -> 0 | AM218: =SUMIFS('21SepTo27Sep'!$K:$K, '21SepTo27Sep'!$J:$J, $A218) -> 0 | AN218: =SUMIFS('21SepTo27Sep'!$O:$O, '21SepTo27Sep'!$J:$J, $A218) -> 0 | AO218: =SUMIFS('21SepTo27Sep'!$P:$P, '21SepTo27Sep'!$J:$J, $A218) -> 0 | AP218: =IF(AO218=0, 0, AN218/AO218*100) -> 0 | AQ218: =SUMIFS('14SepTo20Sep'!$L:$L, '14SepTo20Sep'!$J:$J, $A218) -> 0 | AR218: =SUMIFS('14SepTo20Sep'!$K:$K, '14SepTo20Sep'!$J:$J, $A218) -> 0 | AS218: =SUMIFS('14SepTo20Sep'!$O:$O, '14SepTo20Sep'!$J:$J, $A218) -> 0 | AT218: =SUMIFS('14SepTo20Sep'!$P:$P, '14SepTo20Sep'!$J:$J, $A218) -> 0 | AU218: =IF(AT218=0, 0, AS218/AT218*100) -> 0 | AV218: =SUMIFS('7SepTo13Sep'!$L:$L, '7SepTo13Sep'!$J:$J, $A218) -> 0 | AW218: =SUMIFS('7SepTo13Sep'!$K:$K, '7SepTo13Sep'!$J:$J, $A218) -> 0 | AX218: =SUMIFS('7SepTo13Sep'!$O:$O, '7SepTo13Sep'!$J:$J, $A218) -> 0 | AY218: =SUMIFS('7SepTo13Sep'!$P:$P, '7SepTo13Sep'!$J:$J, $A218) -> 0 | AZ218: =IF(AY218=0, 0, AX218/AY218*100) -> 0 | BA218: =SUMIFS('31AugTo6Sep'!$L:$L, '31AugTo6Sep'!$J:$J, $A218) -> 0 | BB218: =SUMIFS('31AugTo6Sep'!$K:$K, '31AugTo6Sep'!$J:$J, $A218) -> 0 | BC218: =SUMIFS('31AugTo6Sep'!$O:$O, '31AugTo6Sep'!$J:$J, $A218) -> 0 | BD218: =SUMIFS('31AugTo6Sep'!$P:$P, '31AugTo6Sep'!$J:$J, $A218) -> 0 | BE218: =IF(BD218=0, 0, BC218/BD218*100) -> 0 | BF218: =SUMIFS('24AugTo29Aug'!$L:$L, '24AugTo29Aug'!$J:$J, $A218) -> 0 | BG218: =SUMIFS('24AugTo29Aug'!$K:$K, '24AugTo29Aug'!$J:$J, $A218) -> 0 | BH218: =SUMIFS('24AugTo29Aug'!$O:$O, '24AugTo29Aug'!$J:$J, $A218) -> 0 | BI218: =SUMIFS('24AugTo29Aug'!$P:$P, '24AugTo29Aug'!$J:$J, $A218) -> 0 | BJ218: =IF(BI218=0, 0, BH218/BI218*100) -> 0 | BK218: =SUMIFS('17AugTo21Aug'!$L:$L, '17AugTo21Aug'!$J:$J, $A218) -> 0 | BL218: =SUMIFS('17AugTo21Aug'!$K:$K, '17AugTo21Aug'!$J:$J, $A218) -> 0 | BM218: =SUMIFS('17AugTo21Aug'!$O:$O, '17AugTo21Aug'!$J:$J, $A218) -> 0 | BN218: =SUMIFS('17AugTo21Aug'!$P:$P, '17AugTo21Aug'!$J:$J, $A218) -> 0 | BO218: =IF(BN218=0, 0, BM218/BN218*100) -> 0 | BP218: =SUMIFS('10AugTo16Aug'!$L:$L, '10AugTo16Aug'!$J:$J, $A218) -> 0 | BQ218: =SUMIFS('10AugTo16Aug'!$K:$K, '10AugTo16Aug'!$J:$J, $A218) -> 0 | BR218: =SUMIFS('10AugTo16Aug'!$O:$O, '10AugTo16Aug'!$J:$J, $A218) -> 0 | BS218: =SUMIFS('10AugTo16Aug'!$P:$P, '10AugTo16Aug'!$J:$J, $A218) -> 0 | BT218: =IF(BS218=0, 0, BR218/BS218*100) -> 0 | BU218: =SUMIFS('3AugTo9Aug'!$L:$L, '3AugTo9Aug'!$J:$J, $A218) -> 0 | BV218: =SUMIFS('3AugTo9Aug'!$K:$K, '3AugTo9Aug'!$J:$J, $A218) -> 0 | BW218: =SUMIFS('3AugTo9Aug'!$O:$O, '3AugTo9Aug'!$J:$J, $A218) -> 0 | BX218: =SUMIFS('3AugTo9Aug'!$P:$P, '3AugTo9Aug'!$J:$J, $A218) -> 0 | BY218: =IF(BX218=0, 0, BW218/BX218*100) -> 0 | BZ218: =SUMIFS('27JulyTo2Aug'!$L:$L, '27JulyTo2Aug'!$J:$J, $A218) -> 1 | CA218: =SUMIFS('27JulyTo2Aug'!$K:$K, '27JulyTo2Aug'!$J:$J, $A218) -> 1 | CB218: =SUMIFS('27JulyTo2Aug'!$O:$O, '27JulyTo2Aug'!$J:$J, $A218) -> 4.13 | CC218: =SUMIFS('27JulyTo2Aug'!$P:$P, '27JulyTo2Aug'!$J:$J, $A218) -> 24.94 | CD218: =IF(CC218=0, 0, CB218/CC218*100) -> 16.559743

Sheet 9NovTo15Nov
A1: Start Date | B1: End Date | C1: Portfolio name | D1: Currency | E1: Campaign Name | F1: Ad Group Name | G1: Country | H1: Targeting | I1: Match Type | J1: Customer Search Term | K1: Impressions | L1: Clicks | M1: Click-Thru Rate (CTR) | N1: Cost Per Click (CPC) | O1: Spend | P1: 7 Day Total Sales | Q1: Total Advertising Cost of Sales (ACOS) | R1: Total Return on Advertising Spend (ROAS) | S1: 7 Day Total Orders (#) | T1: 7 Day Total Units (#) | U1: 7 Day Conversion Rate | V1: 7 Day Advertised SKU Units (#) | W1: 7 Day Other SKU Units (#) | X1: 7 Day Advertised SKU Sales | Y1: 7 Day Other SKU Sales
A2: 45976 | B2: 45976 | C2: SP BROAD SEED | D2: USD | E2: SP MACA ROOT KW ASHWAGANDHA BROAD GA 29102022 | F2: ashwagandha | G2: United States | H2: ashwagandha | I2: BROAD | J2: ashwagandha coq10 | K2: 1 | L2: 1 | M2: 1 | N2: $2.83 | O2: 2.83 | P2: 24.94 | Q2: 11.35 | R2: 8.81 | S2: 1 | T2: 1 | U2: 1 | V2: 1 | W2: 0 | X2: $24.94 | Y2: $0.00
A3: 45975 | B3: 45975 | C3: SP BROAD SEED | D3: USD | E3: SP MACA ROOT KW ASHWAGANDHA BROAD GA 29102022 | F3: ashwagandha | G3: United States | H3: ashwagandha | I3: BROAD | J3: ashwagandha pills for men | K3: 1 | L3: 1 | M3: 1 | N3: $4.48 | O3: 4.48 | P3: 24.94 | Q3: 17.96 | R3: 5.57 | S3: 1 | T3: 1 | U3: 1 | V3: 1 | W3: 0 | X3: $24.94 | Y3: $0.00
A4: 45975 | B4: 45975 | C4: SP BROAD SEED | D4: USD | E4: SP MACA ROOT KW ASHWAGANDHA BROAD GA 29102022 | F4: ashwagandha | G4: United States | H4: ashwagandha | I4: BROAD | J4: maca amd ashwagandha | K4: 2 | L4: 1 | M4: 0.5 | N4: $4.48 | O4: 4.48 | P4: 24.94 | Q4: 17.96 | R4: 5.57 | S4: 1 | T4: 1 | U4: 1 | V4: 1 | W4: 0 | X4: $24.94 | Y4: $0.00
A5: 45975 | B5: 45975 | C5: SP TOS | D5: USD | E5: SP TOS MACA ASHWA KW RANK GA 04042024 | F5: MACA ASHWAGANDHA | G5: United States | H5: maca root ashwagandha | I5: PHRASE | J5: magnesium zinc maca root ashwagandha | K5: 1 | L5: 1 | M5: 1 | N5: $3.19 | O5: 3.19 | P5: 99.76 | Q5: 3.2 | R5: 31.27 | S5: 1 | T5: 4 | U5: 1 | V5: 4 | W5: 0 | X5: $99.76 | Y5: $0.00
A6: 45975 | B6: 45975 | C6: Saffron Supplement | D6: USD | E6: SP SAFFRON AUTO RESEARCH 05192025 GA | F6: auto | G6: United States | H6: loose-match | I6: - | J6: raw certified organic saffron capsules | K6: 1 | L6: 1 | M6: 1 | N6: $2.67 | O6: 2.67 | P6: 21.9 | Q6: 12.19 | R6: 8.2 | S6: 1 | T6: 1 | U6: 1 | V6: 1 | W6: 0 | X6: $21.90 | Y6: $0.00
A7: 45975 | B7: 45975 | C7: SP BROAD SEED | D7: USD | E7: SP MACA BROAD RESEARCH 22082024 HB | F7: MACA RESEARCH | G7: United States | H7: =+maca +root -> #NAME? | I7: BROAD | J7: wild yam and maca root | K7: 1 | L7: 1 | M7: 1 | N7: $4.35 | O7: 4.35 | P7: 24.94 | Q7: 17.44 | R7: 5.73 | S7: 1 | T7: 1 | U7: 1 | V7: 1 | W7: 0 | X7: $24.94 | Y7: $0.00
A8: 45974 | B8: 45975 | C8: SP TOS | D8: USD | E8: SP TOS MACA ASHWA KW RANK GA 04042024 | F8: MACA ASHWAGANDHA | G8: United States | H8: maca root ashwagandha | I8: PHRASE | J8: maca root and ashwagandha | K8: 17 | L8: 2 | M8: 0.117647 | N8: $2.68 | O8: 5.35 | P8: 24.94 | Q8: 21.45 | R8: 4.66 | S8: 1 | T8: 1 | U8: 0.5 | V8: 1 | W8: 0 | X8: $24.94 | Y8: $0.00
A9: 45974 | B9: 45974 | C9: Saffron Supplement | D9: USD | E9: SP SAFFRON EXACT SALES COMBO KW GA 05132025 | F9: Combo Exact | G9: United States | H9: saffron magnesium supplements | I9: EXACT | J9: saffron magnesium supplements | K9: 1 | L9: 1 | M9: 1 | N9: $2.97 | O9: 2.97 | P9: 43.8 | Q9: 6.78 | R9: 14.75 | S9: 1 | T9: 2 | U9: 1 | V9: 2 | W9: 0 | X9: $43.80 | Y9: $0.00
A10: 45973 | B10: 45973 | C10: Saffron Supplement | D10: USD | E10: SP SAFFRON EXACT SALES COMBO KW GA 05132025 | F10: Combo Exact | G10: United States | H10: ashwagandha magnesium | I10: EXACT | J10: ashwagandha and magnesium | K10: 16 | L10: 2 | M10: 0.125 | N10: $4.39 | O10: 8.77 | P10: 21.9 | Q10: 40.05 | R10: 2.5 | S10: 1 | T10: 1 | U10: 0.5 | V10: 1 | W10: 0 | X10: $21.90 | Y10: $0.00
A11: 45973 | B11: 45974 | C11: SP BROAD SEED | D11: USD | E11: SP AUTO MACA KW DISCOVERY GA | F11: AUTO | G11: United States | H11: close-match | I11: - | J11: ashwagandha maca root | K11: 17 | L11: 3 | M11: 0.176471 | N11: $3.60 | O11: 10.81 | P11: 24.94 | Q11: 43.34 | R11: 2.31 | S11: 1 | T11: 1 | U11: 0.333333 | V11: 1 | W11: 0 | X11: $24.94 | Y11: $0.00
A12: 45973 | B12: 45974 | C12: SP BROAD SEED | D12: USD | E12: SP MACA BROAD RESEARCH 22082024 HB | F12: MACA RESEARCH | G12: United States | H12: =+maca +root -> #NAME? | I12: BROAD | J12: maca root capsules | K12: 172 | L12: 2 | M12: 0.011628 | N12: $3.82 | O12: 7.64 | P12: 49.88 | Q12: 15.32 | R12: 6.53 | S12: 2 | T12: 2 | U12: 1 | V12: 2 | W12: 0 | X12: $49.88 | Y12: $0.00
A13: 45972 | B13: 45972 | C13: SP BROAD SEED | D13: USD | E13: SP MACA ROOT KW ASHWAGANDHA BROAD GA 29102022 | F13: ashwagandha | G13: United States | H13: ashwagandha | I13: BROAD | J13: ashwagandha for women | K13: 154 | L13: 2 | M13: 0.012987 | N13: $1.46 | O13: 2.92 | P13: 24.94 | Q13: 11.71 | R13: 8.54 | S13: 1 | T13: 1 | U13: 0.5 | V13: 1 | W13: 0 | X13: $24.94 | Y13: $0.00
A14: 45972 | B14: 45972 | C14: SP BROAD SEED | D14: USD | E14: SP MACA BROAD RESEARCH 22082024 HB | F14: MACA RESEARCH | G14: United States | H14: =+maca +root -> #NAME? | I14: BROAD | J14: maca root supplement | K14: 6 | L14: 1 | M14: 0.166667 | N14: $2.07 | O14: 2.07 | P14: 24.94 | Q14: 8.3 | R14: 12.05 | S14: 1 | T14: 1 | U14: 1 | V14: 1 | W14: 0 | X14: $24.94 | Y14: $0.00
A15: 45972 | B15: 45972 | C15: SP BROAD SEED | D15: USD | E15: SP MACA BROAD RESEARCH 22082024 HB | F15: MACA RESEARCH | G15: United States | H15: =+maca +root -> #NAME? | I15: BROAD | J15: magnesium maca root | K15: 2 | L15: 1 | M15: 0.5 | N15: $4.26 | O15: 4.26 | P15: 24.94 | Q15: 17.08 | R15: 5.85 | S15: 1 | T15: 1 | U15: 1 | V15: 1 | W15: 0 | X15: $24.94 | Y15: $0.00
A16: 45972 | B16: 45972 | C16: No Portfolio | D16: USD | E16: SP SAFFRON PHRASE SAFFRON ASHWA SALES GA 07182025 | F16: saffron ashwagandha | G16: United States | H16: saffron ashwagandha supplements | I16: PHRASE | J16: saffron and ashwagandha supplements | K16: 8 | L16: 2 | M16: 0.25 | N16: $3.41 | O16: 6.81 | P16: 21.9 | Q16: 31.1 | R16: 3.22 | S16: 1 | T16: 1 | U16: 0.5 | V16: 1 | W16: 0 | X16: $21.90 | Y16: $0.00
A17: 45972 | B17: 45976 | C17: No Portfolio | D17: USD | E17: SP SAFFRON PHRASE SAFFRON ASHWA SALES GA 07182025 | F17: saffron ashwagandha | G17: United States | H17: saffron ashwagandha | I17: PHRASE | J17: saffron ashwagandha | K17: 37 | L17: 4 | M17: 0.108108 | N17: $4.54 | O17: 18.14 | P17: 21.9 | Q17: 82.83 | R17: 1.21 | S17: 1 | T17: 1 | U17: 0.25 | V17: 1 | W17: 0 | X17: $21.90 | Y17: $0.00
A18: 45972 | B18: 45976 | C18: Saffron Supplement | D18: USD | E18: SP SAFFRON EXACT SALES COMBO KW GA 05132025 | F18: Combo Exact | G18: United States | H18: saffron ashwagandha supplements | I18: EXACT | J18: saffron ashwagandha supplements | K18: 12 | L18: 2 | M18: 0.166667 | N18: $3.04 | O18: 6.07 | P18: 21.9 | Q18: 27.72 | R18: 3.61 | S18: 1 | T18: 1 | U18: 0.5 | V18: 1 | W18: 0 | X18: $21.90 | Y18: $0.00
A19: 45971 | B19: 45976 | C19: SP BROAD SEED | D19: USD | E19: SP MACA ROOT KW ASHWAGANDHA BROAD GA 29102022 | F19: ashwagandha | G19: United States | H19: ashwagandha | I19: BROAD | J19: ashwagandha | K19: 319 | L19: 5 | M19: 0.015674 | N19: $2.68 | O19: 13.4 | P19: 74.82 | Q19: 17.91 | R19: 5.58 | S19: 3 | T19: 3 | U19: 0.6 | V19: 3 | W19: 0 | X19: $74.82 | Y19: $0.00
A20: 45971 | B20: 45971 | C20: SP BROAD SEED | D20: USD | E20: SP MACA ROOT KW ASHWAGANDHA BROAD GA 29102022 | F20: ashwagandha | G20: United States | H20: ashwagandha | I20: BROAD | J20: ashwagandha (root & leaf) | K20: 3 | L20: 1 | M20: 0.333333 | N20: $4.48 | O20: 4.48 | P20: 24.94 | Q20: 17.96 | R20: 5.57 | S20: 1 | T20: 1 | U20: 1 | V20: 1 | W20: 0 | X20: $24.94 | Y20: $0.00
A21: 45971 | B21: 45971 | C21: SP BROAD SEED | D21: USD | E21: SP MACA BROAD RESEARCH 22082024 HB | F21: MACA RESEARCH | G21: United States | H21: =+maca +root -> #NAME? | I21: BROAD | J21: ashwagandha root maca root l-carnitine | K21: 1 | L21: 1 | M21: 1 | N21: $4.35 | O21: 4.35 | P21: 24.94 | Q21: 17.44 | R21: 5.73 | S21: 1 | T21: 1 | U21: 1 | V21: 1 | W21: 0 | X21: $24.94 | Y21: $0.00
A22: 45971 | B22: 45974 | C22: SP BROAD SEED | D22: USD | E22: SP MACA BROAD RESEARCH 22082024 HB | F22: MACA RESEARCH | G22: United States | H22: =+maca +root -> #NAME? | I22: BROAD | J22: gaia herbs maca root | K22: 37 | L22: 2 | M22: 0.054054 | N22: $3.04 | O22: 6.08 | P22: 24.94 | Q22: 24.38 | R22: 4.1 | S22: 1 | T22: 1 | U22: 0.5 | V22: 1 | W22: 0 | X22: $24.94 | Y22: $0.00
A23: 45971 | B23: 45972 | C23: SP BROAD SEED | D23: USD | E23: SP AUTO MACA KW DISCOVERY GA | F23: AUTO | G23: United States | H23: close-match | I23: - | J23: maca capsules for men | K23: 16 | L23: 2 | M23: 0.125 | N23: $3.19 | O23: 6.38 | P23: 24.94 | Q23: 25.58 | R23: 3.91 | S23: 1 | T23: 1 | U23: 0.5 | V23: 1 | W23: 0 | X23: $24.94 | Y23: $0.00
A24: 45971 | B24: 45975 | C24: SP BROAD SEED | D24: USD | E24: SP AUTO MACA KW DISCOVERY GA | F24: AUTO | G24: United States | H24: loose-match | I24: - | J24: maca powder organic | K24: 104 | L24: 3 | M24: 0.028846 | N24: $2.38 | O24: 7.14 | P24: 49.88 | Q24: 14.31 | R24: 6.99 | S24: 2 | T24: 2 | U24: 0.666667 | V24: 2 | W24: 0 | X24: $49.88 | Y24: $0.00
A25: 45971 | B25: 45973 | C25: SP BROAD SEED | D25: USD | E25: SP AUTO MACA KW DISCOVERY GA | F25: AUTO | G25: United States | H25: close-match | I25: - | J25: maca root capsules | K25: 188 | L25: 3 | M25: 0.015957 | N25: $3.63 | O25: 10.9 | P25: 24.94 | Q25: 43.7 | R25: 2.29 | S25: 1 | T25: 1 | U25: 0.333333 | V25: 1 | W25: 0 | X25: $24.94 | Y25: $0.00
